Record Length,2.500000e+03,,  -0.000000121000,  -5.80000,
Sample Interval,1.000000e-10,,  -0.000000120900,  -5.80000,
Trigger Point,1.210000000000e+03,,  -0.000000120800,  -5.80000,
,,,  -0.000000120700,  -5.60000,
,,,  -0.000000120600,  -5.60000,
,,,  -0.000000120500,  -5.60000,
Source,CH2,,  -0.000000120400,  -5.60000,
Vertical Units,V,,  -0.000000120300,  -5.40000,
Vertical Scale,5.000000e+00,,  -0.000000120200,  -5.40000,
Vertical Offset,0.000000e+00,,  -0.000000120100,  -5.40000,
Horizontal Units,s,,  -0.000000120000,  -5.20000,
Horizontal Scale,2.500000e-08,,  -0.000000119900,  -5.20000,
Pt Fmt,Y,,  -0.000000119800,  -5.20000,
Yzero,0.000000e+00,,  -0.000000119700,  -5.00000,
Probe Atten,1.000000e+00,,  -0.000000119600,  -5.00000,
Model Number,TDS2002C,,  -0.000000119500,  -5.00000,
Serial Number,C013636,,  -0.000000119400,  -4.80000,
Firmware Version,FV:v24.15,,  -0.000000119300,  -4.80000,
,,,-00.000000119200,  -4.80000,
,,,-00.000000119100,  -4.60000,
,,,-00.000000119000,  -4.60000,
,,,-00.000000118900,  -4.60000,
,,,-00.000000118800,  -4.40000,
,,,-00.000000118700,  -4.40000,
,,,-00.000000118600,  -4.40000,
,,,-00.000000118500,  -4.40000,
,,,-00.000000118400,  -4.20000,
,,,-00.000000118300,  -4.20000,
,,,-00.000000118200,  -4.00000,
,,,-00.000000118100,  -4.00000,
,,,-00.000000118000,  -4.00000,
,,,-00.000000117900,  -3.80000,
,,,-00.000000117800,  -3.80000,
,,,-00.000000117700,  -3.80000,
,,,-00.000000117600,  -3.60000,
,,,-00.000000117500,  -3.60000,
,,,-00.000000117400,  -3.60000,
,,,-00.000000117300,  -3.40000,
,,,-00.000000117200,  -3.40000,
,,,-00.000000117100,  -3.40000,
,,,-00.000000117000,  -3.20000,
,,,-00.000000116900,  -3.20000,
,,,-00.000000116800,  -3.00000,
,,,-00.000000116700,  -3.00000,
,,,-00.000000116600,  -3.00000,
,,,-00.000000116500,  -2.80000,
,,,-00.000000116400,  -2.80000,
,,,-00.000000116300,  -2.80000,
,,,-00.000000116200,  -2.60000,
,,,-00.000000116100,  -2.60000,
,,,-00.000000116000,  -2.40000,
,,,-00.000000115900,  -2.40000,
,,,-00.000000115800,  -2.40000,
,,,-00.000000115700,  -2.20000,
,,,-00.000000115600,  -2.20000,
,,,-00.000000115500,  -2.00000,
,,,-00.000000115400,  -2.00000,
,,,-00.000000115300,  -2.00000,
,,,-00.000000115200,  -1.80000,
,,,-00.000000115100,  -1.80000,
,,,-00.000000115000,  -1.60000,
,,,-00.000000114900,  -1.60000,
,,,-00.000000114800,  -1.60000,
,,,-00.000000114700,  -1.40000,
,,,-00.000000114600,  -1.40000,
,,,-00.000000114500,  -1.20000,
,,,-00.000000114400,  -1.20000,
,,,-00.000000114300,  -1.20000,
,,,-00.000000114200,  -1.00000,
,,,-00.000000114100,  -1.00000,
,,,-00.000000114000,  -0.80000,
,,,-00.000000113900,  -0.80000,
,,,-00.000000113800,  -0.60000,
,,,-00.000000113700,  -0.60000,
,,,-00.000000113600,  -0.60000,
,,,-00.000000113500,  -0.40000,
,,,-00.000000113400,  -0.40000,
,,,-00.000000113300,  -0.20000,
,,,-00.000000113200,  -0.20000,
,,,-00.000000113100,  -0.20000,
,,,-00.000000113000,   0.00000,
,,,-00.000000112900,   0.00000,
,,,-00.000000112800,   0.20000,
,,,-00.000000112700,   0.20000,
,,,-00.000000112600,   0.40000,
,,,-00.000000112500,   0.40000,
,,,-00.000000112400,   0.40000,
,,,-00.000000112300,   0.60000,
,,,-00.000000112200,   0.60000,
,,,-00.000000112100,   0.80000,
,,,-00.000000112000,   0.80000,
,,,-00.000000111900,   1.00000,
,,,-00.000000111800,   1.00000,
,,,-00.000000111700,   1.00000,
,,,-00.000000111600,   1.20000,
,,,-00.000000111500,   1.20000,
,,,-00.000000111400,   1.40000,
,,,-00.000000111300,   1.40000,
,,,-00.000000111200,   1.40000,
,,,-00.000000111100,   1.60000,
,,,-00.000000111000,   1.60000,
,,,-00.000000110900,   1.80000,
,,,-00.000000110800,   1.80000,
,,,-00.000000110700,   1.80000,
,,,-00.000000110600,   2.00000,
,,,-00.000000110500,   2.00000,
,,,-00.000000110400,   2.00000,
,,,-00.000000110300,   2.20000,
,,,-00.000000110200,   2.20000,
,,,-00.000000110100,   2.40000,
,,,-00.000000110000,   2.40000,
,,,-00.000000109900,   2.40000,
,,,-00.000000109800,   2.60000,
,,,-00.000000109700,   2.60000,
,,,-00.000000109600,   2.80000,
,,,-00.000000109500,   2.80000,
,,,-00.000000109400,   2.80000,
,,,-00.000000109300,   3.00000,
,,,-00.000000109200,   3.00000,
,,,-00.000000109100,   3.00000,
,,,-00.000000109000,   3.20000,
,,,-00.000000108900,   3.20000,
,,,-00.000000108800,   3.40000,
,,,-00.000000108700,   3.40000,
,,,-00.000000108600,   3.40000,
,,,-00.000000108500,   3.60000,
,,,-00.000000108400,   3.60000,
,,,-00.000000108300,   3.60000,
,,,-00.000000108200,   3.80000,
,,,-00.000000108100,   3.80000,
,,,-00.000000108000,   3.80000,
,,,-00.000000107900,   4.00000,
,,,-00.000000107800,   4.00000,
,,,-00.000000107700,   4.00000,
,,,-00.000000107600,   4.20000,
,,,-00.000000107500,   4.20000,
,,,-00.000000107400,   4.40000,
,,,-00.000000107300,   4.40000,
,,,-00.000000107200,   4.40000,
,,,-00.000000107100,   4.60000,
,,,-00.000000107000,   4.60000,
,,,-00.000000106900,   4.60000,
,,,-00.000000106800,   4.60000,
,,,-00.000000106700,   4.80000,
,,,-00.000000106600,   4.80000,
,,,-00.000000106500,   4.80000,
,,,-00.000000106400,   5.00000,
,,,-00.000000106300,   5.00000,
,,,-00.000000106200,   5.00000,
,,,-00.000000106100,   5.20000,
,,,-00.000000106000,   5.20000,
,,,-00.000000105900,   5.20000,
,,,-00.000000105800,   5.20000,
,,,-00.000000105700,   5.40000,
,,,-00.000000105600,   5.40000,
,,,-00.000000105500,   5.40000,
,,,-00.000000105400,   5.40000,
,,,-00.000000105300,   5.60000,
,,,-00.000000105200,   5.60000,
,,,-00.000000105100,   5.60000,
,,,-00.000000105000,   5.60000,
,,,-00.000000104900,   5.80000,
,,,-00.000000104800,   5.80000,
,,,-00.000000104700,   5.80000,
,,,-00.000000104600,   5.80000,
,,,-00.000000104500,   5.80000,
,,,-00.000000104400,   6.00000,
,,,-00.000000104300,   6.00000,
,,,-00.000000104200,   6.00000,
,,,-00.000000104100,   6.00000,
,,,-00.000000104000,   6.20000,
,,,-00.000000103900,   6.20000,
,,,-00.000000103800,   6.20000,
,,,-00.000000103700,   6.20000,
,,,-00.000000103600,   6.20000,
,,,-00.000000103500,   6.40000,
,,,-00.000000103400,   6.40000,
,,,-00.000000103300,   6.40000,
,,,-00.000000103200,   6.40000,
,,,-00.000000103100,   6.40000,
,,,-00.000000103000,   6.60000,
,,,-00.000000102900,   6.60000,
,,,-00.000000102800,   6.60000,
,,,-00.000000102700,   6.60000,
,,,-00.000000102600,   6.60000,
,,,-00.000000102500,   6.60000,
,,,-00.000000102400,   6.80000,
,,,-00.000000102300,   6.80000,
,,,-00.000000102200,   6.80000,
,,,-00.000000102100,   6.80000,
,,,-00.000000102000,   6.80000,
,,,-00.000000101900,   6.80000,
,,,-00.000000101800,   6.80000,
,,,-00.000000101700,   7.00000,
,,,-00.000000101600,   7.00000,
,,,-00.000000101500,   7.00000,
,,,-00.000000101400,   7.00000,
,,,-00.000000101300,   7.00000,
,,,-00.000000101200,   7.00000,
,,,-00.000000101100,   7.00000,
,,,-00.000000101000,   7.00000,
,,,-00.000000100900,   7.20000,
,,,-00.000000100800,   7.20000,
,,,-00.000000100700,   7.20000,
,,,-00.000000100600,   7.20000,
,,,-00.000000100500,   7.20000,
,,,-00.000000100400,   7.20000,
,,,-00.000000100300,   7.20000,
,,,-00.000000100200,   7.20000,
,,,-00.000000100100,   7.20000,
,,,-00.000000100000,   7.20000,
,,,-00.000000099900,   7.20000,
,,,-00.000000099800,   7.20000,
,,,-00.000000099700,   7.20000,
,,,-00.000000099600,   7.20000,
,,,-00.000000099500,   7.20000,
,,,-00.000000099400,   7.20000,
,,,-00.000000099300,   7.20000,
,,,-00.000000099200,   7.20000,
,,,-00.000000099100,   7.20000,
,,,-00.000000099000,   7.20000,
,,,-00.000000098900,   7.20000,
,,,-00.000000098800,   7.20000,
,,,-00.000000098700,   7.20000,
,,,-00.000000098600,   7.20000,
,,,-00.000000098500,   7.20000,
,,,-00.000000098400,   7.20000,
,,,-00.000000098300,   7.20000,
,,,-00.000000098200,   7.20000,
,,,-00.000000098100,   7.20000,
,,,-00.000000098000,   7.20000,
,,,-00.000000097900,   7.20000,
,,,-00.000000097800,   7.20000,
,,,-00.000000097700,   7.20000,
,,,-00.000000097600,   7.20000,
,,,-00.000000097500,   7.20000,
,,,-00.000000097400,   7.20000,
,,,-00.000000097300,   7.20000,
,,,-00.000000097200,   7.00000,
,,,-00.000000097100,   7.00000,
,,,-00.000000097000,   7.00000,
,,,-00.000000096900,   7.00000,
,,,-00.000000096800,   7.00000,
,,,-00.000000096700,   7.00000,
,,,-00.000000096600,   7.00000,
,,,-00.000000096500,   7.00000,
,,,-00.000000096400,   7.00000,
,,,-00.000000096300,   6.80000,
,,,-00.000000096200,   6.80000,
,,,-00.000000096100,   6.80000,
,,,-00.000000096000,   6.80000,
,,,-00.000000095900,   6.80000,
,,,-00.000000095800,   6.80000,
,,,-00.000000095700,   6.80000,
,,,-00.000000095600,   6.60000,
,,,-00.000000095500,   6.60000,
,,,-00.000000095400,   6.60000,
,,,-00.000000095300,   6.60000,
,,,-00.000000095200,   6.60000,
,,,-00.000000095100,   6.60000,
,,,-00.000000095000,   6.40000,
,,,-00.000000094900,   6.40000,
,,,-00.000000094800,   6.40000,
,,,-00.000000094700,   6.40000,
,,,-00.000000094600,   6.40000,
,,,-00.000000094500,   6.20000,
,,,-00.000000094400,   6.20000,
,,,-00.000000094300,   6.20000,
,,,-00.000000094200,   6.20000,
,,,-00.000000094100,   6.20000,
,,,-00.000000094000,   6.00000,
,,,-00.000000093900,   6.00000,
,,,-00.000000093800,   6.00000,
,,,-00.000000093700,   6.00000,
,,,-00.000000093600,   5.80000,
,,,-00.000000093500,   5.80000,
,,,-00.000000093400,   5.80000,
,,,-00.000000093300,   5.80000,
,,,-00.000000093200,   5.60000,
,,,-00.000000093100,   5.60000,
,,,-00.000000093000,   5.60000,
,,,-00.000000092900,   5.60000,
,,,-00.000000092800,   5.40000,
,,,-00.000000092700,   5.40000,
,,,-00.000000092600,   5.40000,
,,,-00.000000092500,   5.40000,
,,,-00.000000092400,   5.20000,
,,,-00.000000092300,   5.20000,
,,,-00.000000092200,   5.20000,
,,,-00.000000092100,   5.00000,
,,,-00.000000092000,   5.00000,
,,,-00.000000091900,   5.00000,
,,,-00.000000091800,   5.00000,
,,,-00.000000091700,   4.80000,
,,,-00.000000091600,   4.80000,
,,,-00.000000091500,   4.80000,
,,,-00.000000091400,   4.60000,
,,,-00.000000091300,   4.60000,
,,,-00.000000091200,   4.60000,
,,,-00.000000091100,   4.40000,
,,,-00.000000091000,   4.40000,
,,,-00.000000090900,   4.40000,
,,,-00.000000090800,   4.20000,
,,,-00.000000090700,   4.20000,
,,,-00.000000090600,   4.20000,
,,,-00.000000090500,   4.00000,
,,,-00.000000090400,   4.00000,
,,,-00.000000090300,   3.80000,
,,,-00.000000090200,   3.80000,
,,,-00.000000090100,   3.80000,
,,,-00.000000090000,   3.60000,
,,,-00.000000089900,   3.60000,
,,,-00.000000089800,   3.60000,
,,,-00.000000089700,   3.40000,
,,,-00.000000089600,   3.40000,
,,,-00.000000089500,   3.40000,
,,,-00.000000089400,   3.20000,
,,,-00.000000089300,   3.20000,
,,,-00.000000089200,   3.00000,
,,,-00.000000089100,   3.00000,
,,,-00.000000089000,   3.00000,
,,,-00.000000088900,   2.80000,
,,,-00.000000088800,   2.80000,
,,,-00.000000088700,   2.60000,
,,,-00.000000088600,   2.60000,
,,,-00.000000088500,   2.60000,
,,,-00.000000088400,   2.40000,
,,,-00.000000088300,   2.40000,
,,,-00.000000088200,   2.20000,
,,,-00.000000088100,   2.20000,
,,,-00.000000088000,   2.20000,
,,,-00.000000087900,   2.00000,
,,,-00.000000087800,   2.00000,
,,,-00.000000087700,   2.00000,
,,,-00.000000087600,   1.80000,
,,,-00.000000087500,   1.80000,
,,,-00.000000087400,   1.60000,
,,,-00.000000087300,   1.60000,
,,,-00.000000087200,   1.60000,
,,,-00.000000087100,   1.40000,
,,,-00.000000087000,   1.40000,
,,,-00.000000086900,   1.20000,
,,,-00.000000086800,   1.20000,
,,,-00.000000086700,   1.00000,
,,,-00.000000086600,   1.00000,
,,,-00.000000086500,   1.00000,
,,,-00.000000086400,   0.80000,
,,,-00.000000086300,   0.80000,
,,,-00.000000086200,   0.60000,
,,,-00.000000086100,   0.60000,
,,,-00.000000086000,   0.40000,
,,,-00.000000085900,   0.40000,
,,,-00.000000085800,   0.40000,
,,,-00.000000085700,   0.20000,
,,,-00.000000085600,   0.20000,
,,,-00.000000085500,   0.00000,
,,,-00.000000085400,   0.00000,
,,,-00.000000085300,  -0.20000,
,,,-00.000000085200,  -0.20000,
,,,-00.000000085100,  -0.20000,
,,,-00.000000085000,  -0.40000,
,,,-00.000000084900,  -0.40000,
,,,-00.000000084800,  -0.60000,
,,,-00.000000084700,  -0.60000,
,,,-00.000000084600,  -0.80000,
,,,-00.000000084500,  -0.80000,
,,,-00.000000084400,  -0.80000,
,,,-00.000000084300,  -1.00000,
,,,-00.000000084200,  -1.00000,
,,,-00.000000084100,  -1.20000,
,,,-00.000000084000,  -1.20000,
,,,-00.000000083900,  -1.20000,
,,,-00.000000083800,  -1.40000,
,,,-00.000000083700,  -1.40000,
,,,-00.000000083600,  -1.60000,
,,,-00.000000083500,  -1.60000,
,,,-00.000000083400,  -1.80000,
,,,-00.000000083300,  -1.80000,
,,,-00.000000083200,  -1.80000,
,,,-00.000000083100,  -2.00000,
,,,-00.000000083000,  -2.00000,
,,,-00.000000082900,  -2.20000,
,,,-00.000000082800,  -2.20000,
,,,-00.000000082700,  -2.20000,
,,,-00.000000082600,  -2.40000,
,,,-00.000000082500,  -2.40000,
,,,-00.000000082400,  -2.60000,
,,,-00.000000082300,  -2.60000,
,,,-00.000000082200,  -2.60000,
,,,-00.000000082100,  -2.80000,
,,,-00.000000082000,  -2.80000,
,,,-00.000000081900,  -3.00000,
,,,-00.000000081800,  -3.00000,
,,,-00.000000081700,  -3.00000,
,,,-00.000000081600,  -3.20000,
,,,-00.000000081500,  -3.20000,
,,,-00.000000081400,  -3.20000,
,,,-00.000000081300,  -3.40000,
,,,-00.000000081200,  -3.40000,
,,,-00.000000081100,  -3.60000,
,,,-00.000000081000,  -3.60000,
,,,-00.000000080900,  -3.60000,
,,,-00.000000080800,  -3.80000,
,,,-00.000000080700,  -3.80000,
,,,-00.000000080600,  -3.80000,
,,,-00.000000080500,  -4.00000,
,,,-00.000000080400,  -4.00000,
,,,-00.000000080300,  -4.20000,
,,,-00.000000080200,  -4.20000,
,,,-00.000000080100,  -4.20000,
,,,-00.000000080000,  -4.40000,
,,,-00.000000079900,  -4.40000,
,,,-00.000000079800,  -4.40000,
,,,-00.000000079700,  -4.60000,
,,,-00.000000079600,  -4.60000,
,,,-00.000000079500,  -4.60000,
,,,-00.000000079400,  -4.80000,
,,,-00.000000079300,  -4.80000,
,,,-00.000000079200,  -4.80000,
,,,-00.000000079100,  -5.00000,
,,,-00.000000079000,  -5.00000,
,,,-00.000000078900,  -5.00000,
,,,-00.000000078800,  -5.20000,
,,,-00.000000078700,  -5.20000,
,,,-00.000000078600,  -5.20000,
,,,-00.000000078500,  -5.40000,
,,,-00.000000078400,  -5.40000,
,,,-00.000000078300,  -5.40000,
,,,-00.000000078200,  -5.40000,
,,,-00.000000078100,  -5.60000,
,,,-00.000000078000,  -5.60000,
,,,-00.000000077900,  -5.60000,
,,,-00.000000077800,  -5.80000,
,,,-00.000000077700,  -5.80000,
,,,-00.000000077600,  -5.80000,
,,,-00.000000077500,  -5.80000,
,,,-00.000000077400,  -6.00000,
,,,-00.000000077300,  -6.00000,
,,,-00.000000077200,  -6.00000,
,,,-00.000000077100,  -6.00000,
,,,-00.000000077000,  -6.20000,
,,,-00.000000076900,  -6.20000,
,,,-00.000000076800,  -6.20000,
,,,-00.000000076700,  -6.20000,
,,,-00.000000076600,  -6.20000,
,,,-00.000000076500,  -6.40000,
,,,-00.000000076400,  -6.40000,
,,,-00.000000076300,  -6.40000,
,,,-00.000000076200,  -6.40000,
,,,-00.000000076100,  -6.60000,
,,,-00.000000076000,  -6.60000,
,,,-00.000000075900,  -6.60000,
,,,-00.000000075800,  -6.60000,
,,,-00.000000075700,  -6.60000,
,,,-00.000000075600,  -6.80000,
,,,-00.000000075500,  -6.80000,
,,,-00.000000075400,  -6.80000,
,,,-00.000000075300,  -6.80000,
,,,-00.000000075200,  -6.80000,
,,,-00.000000075100,  -6.80000,
,,,-00.000000075000,  -7.00000,
,,,-00.000000074900,  -7.00000,
,,,-00.000000074800,  -7.00000,
,,,-00.000000074700,  -7.00000,
,,,-00.000000074600,  -7.00000,
,,,-00.000000074500,  -7.00000,
,,,-00.000000074400,  -7.00000,
,,,-00.000000074300,  -7.20000,
,,,-00.000000074200,  -7.20000,
,,,-00.000000074100,  -7.20000,
,,,-00.000000074000,  -7.20000,
,,,-00.000000073900,  -7.20000,
,,,-00.000000073800,  -7.20000,
,,,-00.000000073700,  -7.20000,
,,,-00.000000073600,  -7.20000,
,,,-00.000000073500,  -7.40000,
,,,-00.000000073400,  -7.40000,
,,,-00.000000073300,  -7.40000,
,,,-00.000000073200,  -7.40000,
,,,-00.000000073100,  -7.40000,
,,,-00.000000073000,  -7.40000,
,,,-00.000000072900,  -7.40000,
,,,-00.000000072800,  -7.40000,
,,,-00.000000072700,  -7.40000,
,,,-00.000000072600,  -7.40000,
,,,-00.000000072500,  -7.40000,
,,,-00.000000072400,  -7.40000,
,,,-00.000000072300,  -7.40000,
,,,-00.000000072200,  -7.40000,
,,,-00.000000072100,  -7.40000,
,,,-00.000000072000,  -7.40000,
,,,-00.000000071900,  -7.40000,
,,,-00.000000071800,  -7.40000,
,,,-00.000000071700,  -7.40000,
,,,-00.000000071600,  -7.40000,
,,,-00.000000071500,  -7.40000,
,,,-00.000000071400,  -7.40000,
,,,-00.000000071300,  -7.40000,
,,,-00.000000071200,  -7.40000,
,,,-00.000000071100,  -7.40000,
,,,-00.000000071000,  -7.40000,
,,,-00.000000070900,  -7.40000,
,,,-00.000000070800,  -7.40000,
,,,-00.000000070700,  -7.40000,
,,,-00.000000070600,  -7.40000,
,,,-00.000000070500,  -7.40000,
,,,-00.000000070400,  -7.40000,
,,,-00.000000070300,  -7.40000,
,,,-00.000000070200,  -7.40000,
,,,-00.000000070100,  -7.40000,
,,,-00.000000070000,  -7.40000,
,,,-00.000000069900,  -7.40000,
,,,-00.000000069800,  -7.40000,
,,,-00.000000069700,  -7.40000,
,,,-00.000000069600,  -7.40000,
,,,-00.000000069500,  -7.40000,
,,,-00.000000069400,  -7.20000,
,,,-00.000000069300,  -7.20000,
,,,-00.000000069200,  -7.20000,
,,,-00.000000069100,  -7.20000,
,,,-00.000000069000,  -7.20000,
,,,-00.000000068900,  -7.20000,
,,,-00.000000068800,  -7.20000,
,,,-00.000000068700,  -7.20000,
,,,-00.000000068600,  -7.20000,
,,,-00.000000068500,  -7.00000,
,,,-00.000000068400,  -7.00000,
,,,-00.000000068300,  -7.00000,
,,,-00.000000068200,  -7.00000,
,,,-00.000000068100,  -7.00000,
,,,-00.000000068000,  -7.00000,
,,,-00.000000067900,  -7.00000,
,,,-00.000000067800,  -6.80000,
,,,-00.000000067700,  -6.80000,
,,,-00.000000067600,  -6.80000,
,,,-00.000000067500,  -6.80000,
,,,-00.000000067400,  -6.80000,
,,,-00.000000067300,  -6.80000,
,,,-00.000000067200,  -6.60000,
,,,-00.000000067100,  -6.60000,
,,,-00.000000067000,  -6.60000,
,,,-00.000000066900,  -6.60000,
,,,-00.000000066800,  -6.60000,
,,,-00.000000066700,  -6.40000,
,,,-00.000000066600,  -6.40000,
,,,-00.000000066500,  -6.40000,
,,,-00.000000066400,  -6.40000,
,,,-00.000000066300,  -6.20000,
,,,-00.000000066200,  -6.20000,
,,,-00.000000066100,  -6.20000,
,,,-00.000000066000,  -6.20000,
,,,-00.000000065900,  -6.00000,
,,,-00.000000065800,  -6.00000,
,,,-00.000000065700,  -6.00000,
,,,-00.000000065600,  -6.00000,
,,,-00.000000065500,  -5.80000,
,,,-00.000000065400,  -5.80000,
,,,-00.000000065300,  -5.80000,
,,,-00.000000065200,  -5.80000,
,,,-00.000000065100,  -5.60000,
,,,-00.000000065000,  -5.60000,
,,,-00.000000064900,  -5.60000,
,,,-00.000000064800,  -5.60000,
,,,-00.000000064700,  -5.40000,
,,,-00.000000064600,  -5.40000,
,,,-00.000000064500,  -5.40000,
,,,-00.000000064400,  -5.20000,
,,,-00.000000064300,  -5.20000,
,,,-00.000000064200,  -5.20000,
,,,-00.000000064100,  -5.00000,
,,,-00.000000064000,  -5.00000,
,,,-00.000000063900,  -5.00000,
,,,-00.000000063800,  -4.80000,
,,,-00.000000063700,  -4.80000,
,,,-00.000000063600,  -4.80000,
,,,-00.000000063500,  -4.60000,
,,,-00.000000063400,  -4.60000,
,,,-00.000000063300,  -4.60000,
,,,-00.000000063200,  -4.40000,
,,,-00.000000063100,  -4.40000,
,,,-00.000000063000,  -4.40000,
,,,-00.000000062900,  -4.20000,
,,,-00.000000062800,  -4.20000,
,,,-00.000000062700,  -4.20000,
,,,-00.000000062600,  -4.00000,
,,,-00.000000062500,  -4.00000,
,,,-00.000000062400,  -4.00000,
,,,-00.000000062300,  -3.80000,
,,,-00.000000062200,  -3.80000,
,,,-00.000000062100,  -3.80000,
,,,-00.000000062000,  -3.60000,
,,,-00.000000061900,  -3.60000,
,,,-00.000000061800,  -3.60000,
,,,-00.000000061700,  -3.40000,
,,,-00.000000061600,  -3.40000,
,,,-00.000000061500,  -3.20000,
,,,-00.000000061400,  -3.20000,
,,,-00.000000061300,  -3.20000,
,,,-00.000000061200,  -3.00000,
,,,-00.000000061100,  -3.00000,
,,,-00.000000061000,  -3.00000,
,,,-00.000000060900,  -2.80000,
,,,-00.000000060800,  -2.80000,
,,,-00.000000060700,  -2.60000,
,,,-00.000000060600,  -2.60000,
,,,-00.000000060500,  -2.60000,
,,,-00.000000060400,  -2.40000,
,,,-00.000000060300,  -2.40000,
,,,-00.000000060200,  -2.20000,
,,,-00.000000060100,  -2.20000,
,,,-00.000000060000,  -2.20000,
,,,-00.000000059900,  -2.00000,
,,,-00.000000059800,  -2.00000,
,,,-00.000000059700,  -1.80000,
,,,-00.000000059600,  -1.80000,
,,,-00.000000059500,  -1.80000,
,,,-00.000000059400,  -1.60000,
,,,-00.000000059300,  -1.60000,
,,,-00.000000059200,  -1.40000,
,,,-00.000000059100,  -1.40000,
,,,-00.000000059000,  -1.40000,
,,,-00.000000058900,  -1.20000,
,,,-00.000000058800,  -1.20000,
,,,-00.000000058700,  -1.00000,
,,,-00.000000058600,  -1.00000,
,,,-00.000000058500,  -1.00000,
,,,-00.000000058400,  -0.80000,
,,,-00.000000058300,  -0.80000,
,,,-00.000000058200,  -0.60000,
,,,-00.000000058100,  -0.60000,
,,,-00.000000058000,  -0.60000,
,,,-00.000000057900,  -0.40000,
,,,-00.000000057800,  -0.40000,
,,,-00.000000057700,  -0.20000,
,,,-00.000000057600,  -0.20000,
,,,-00.000000057500,   0.00000,
,,,-00.000000057400,   0.00000,
,,,-00.000000057300,   0.00000,
,,,-00.000000057200,   0.20000,
,,,-00.000000057100,   0.20000,
,,,-00.000000057000,   0.40000,
,,,-00.000000056900,   0.40000,
,,,-00.000000056800,   0.60000,
,,,-00.000000056700,   0.60000,
,,,-00.000000056600,   0.60000,
,,,-00.000000056500,   0.80000,
,,,-00.000000056400,   0.80000,
,,,-00.000000056300,   1.00000,
,,,-00.000000056200,   1.00000,
,,,-00.000000056100,   1.20000,
,,,-00.000000056000,   1.20000,
,,,-00.000000055900,   1.20000,
,,,-00.000000055800,   1.40000,
,,,-00.000000055700,   1.40000,
,,,-00.000000055600,   1.60000,
,,,-00.000000055500,   1.60000,
,,,-00.000000055400,   1.60000,
,,,-00.000000055300,   1.80000,
,,,-00.000000055200,   1.80000,
,,,-00.000000055100,   1.80000,
,,,-00.000000055000,   2.00000,
,,,-00.000000054900,   2.00000,
,,,-00.000000054800,   2.20000,
,,,-00.000000054700,   2.20000,
,,,-00.000000054600,   2.20000,
,,,-00.000000054500,   2.40000,
,,,-00.000000054400,   2.40000,
,,,-00.000000054300,   2.60000,
,,,-00.000000054200,   2.60000,
,,,-00.000000054100,   2.60000,
,,,-00.000000054000,   2.80000,
,,,-00.000000053900,   2.80000,
,,,-00.000000053800,   3.00000,
,,,-00.000000053700,   3.00000,
,,,-00.000000053600,   3.00000,
,,,-00.000000053500,   3.20000,
,,,-00.000000053400,   3.20000,
,,,-00.000000053300,   3.20000,
,,,-00.000000053200,   3.40000,
,,,-00.000000053100,   3.40000,
,,,-00.000000053000,   3.40000,
,,,-00.000000052900,   3.60000,
,,,-00.000000052800,   3.60000,
,,,-00.000000052700,   3.80000,
,,,-00.000000052600,   3.80000,
,,,-00.000000052500,   3.80000,
,,,-00.000000052400,   4.00000,
,,,-00.000000052300,   4.00000,
,,,-00.000000052200,   4.00000,
,,,-00.000000052100,   4.20000,
,,,-00.000000052000,   4.20000,
,,,-00.000000051900,   4.20000,
,,,-00.000000051800,   4.40000,
,,,-00.000000051700,   4.40000,
,,,-00.000000051600,   4.40000,
,,,-00.000000051500,   4.60000,
,,,-00.000000051400,   4.60000,
,,,-00.000000051300,   4.60000,
,,,-00.000000051200,   4.80000,
,,,-00.000000051100,   4.80000,
,,,-00.000000051000,   4.80000,
,,,-00.000000050900,   5.00000,
,,,-00.000000050800,   5.00000,
,,,-00.000000050700,   5.00000,
,,,-00.000000050600,   5.00000,
,,,-00.000000050500,   5.20000,
,,,-00.000000050400,   5.20000,
,,,-00.000000050300,   5.20000,
,,,-00.000000050200,   5.20000,
,,,-00.000000050100,   5.40000,
,,,-00.000000050000,   5.40000,
,,,-00.000000049900,   5.40000,
,,,-00.000000049800,   5.40000,
,,,-00.000000049700,   5.60000,
,,,-00.000000049600,   5.60000,
,,,-00.000000049500,   5.60000,
,,,-00.000000049400,   5.60000,
,,,-00.000000049300,   5.80000,
,,,-00.000000049200,   5.80000,
,,,-00.000000049100,   5.80000,
,,,-00.000000049000,   5.80000,
,,,-00.000000048900,   6.00000,
,,,-00.000000048800,   6.00000,
,,,-00.000000048700,   6.00000,
,,,-00.000000048600,   6.00000,
,,,-00.000000048500,   6.00000,
,,,-00.000000048400,   6.20000,
,,,-00.000000048300,   6.20000,
,,,-00.000000048200,   6.20000,
,,,-00.000000048100,   6.20000,
,,,-00.000000048000,   6.20000,
,,,-00.000000047900,   6.40000,
,,,-00.000000047800,   6.40000,
,,,-00.000000047700,   6.40000,
,,,-00.000000047600,   6.40000,
,,,-00.000000047500,   6.60000,
,,,-00.000000047400,   6.60000,
,,,-00.000000047300,   6.60000,
,,,-00.000000047200,   6.60000,
,,,-00.000000047100,   6.60000,
,,,-00.000000047000,   6.60000,
,,,-00.000000046900,   6.80000,
,,,-00.000000046800,   6.80000,
,,,-00.000000046700,   6.80000,
,,,-00.000000046600,   6.80000,
,,,-00.000000046500,   6.80000,
,,,-00.000000046400,   6.80000,
,,,-00.000000046300,   6.80000,
,,,-00.000000046200,   7.00000,
,,,-00.000000046100,   7.00000,
,,,-00.000000046000,   7.00000,
,,,-00.000000045900,   7.00000,
,,,-00.000000045800,   7.00000,
,,,-00.000000045700,   7.00000,
,,,-00.000000045600,   7.00000,
,,,-00.000000045500,   7.00000,
,,,-00.000000045400,   7.00000,
,,,-00.000000045300,   7.20000,
,,,-00.000000045200,   7.20000,
,,,-00.000000045100,   7.20000,
,,,-00.000000045000,   7.20000,
,,,-00.000000044900,   7.20000,
,,,-00.000000044800,   7.20000,
,,,-00.000000044700,   7.20000,
,,,-00.000000044600,   7.20000,
,,,-00.000000044500,   7.20000,
,,,-00.000000044400,   7.20000,
,,,-00.000000044300,   7.20000,
,,,-00.000000044200,   7.20000,
,,,-00.000000044100,   7.20000,
,,,-00.000000044000,   7.20000,
,,,-00.000000043900,   7.20000,
,,,-00.000000043800,   7.20000,
,,,-00.000000043700,   7.20000,
,,,-00.000000043600,   7.20000,
,,,-00.000000043500,   7.20000,
,,,-00.000000043400,   7.20000,
,,,-00.000000043300,   7.20000,
,,,-00.000000043200,   7.20000,
,,,-00.000000043100,   7.20000,
,,,-00.000000043000,   7.20000,
,,,-00.000000042900,   7.20000,
,,,-00.000000042800,   7.20000,
,,,-00.000000042700,   7.20000,
,,,-00.000000042600,   7.20000,
,,,-00.000000042500,   7.20000,
,,,-00.000000042400,   7.20000,
,,,-00.000000042300,   7.20000,
,,,-00.000000042200,   7.20000,
,,,-00.000000042100,   7.20000,
,,,-00.000000042000,   7.20000,
,,,-00.000000041900,   7.20000,
,,,-00.000000041800,   7.20000,
,,,-00.000000041700,   7.20000,
,,,-00.000000041600,   7.00000,
,,,-00.000000041500,   7.00000,
,,,-00.000000041400,   7.00000,
,,,-00.000000041300,   7.00000,
,,,-00.000000041200,   7.00000,
,,,-00.000000041100,   7.00000,
,,,-00.000000041000,   7.00000,
,,,-00.000000040900,   7.00000,
,,,-00.000000040800,   7.00000,
,,,-00.000000040700,   6.80000,
,,,-00.000000040600,   6.80000,
,,,-00.000000040500,   6.80000,
,,,-00.000000040400,   6.80000,
,,,-00.000000040300,   6.80000,
,,,-00.000000040200,   6.80000,
,,,-00.000000040100,   6.80000,
,,,-00.000000040000,   6.60000,
,,,-00.000000039900,   6.60000,
,,,-00.000000039800,   6.60000,
,,,-00.000000039700,   6.60000,
,,,-00.000000039600,   6.60000,
,,,-00.000000039500,   6.60000,
,,,-00.000000039400,   6.40000,
,,,-00.000000039300,   6.40000,
,,,-00.000000039200,   6.40000,
,,,-00.000000039100,   6.40000,
,,,-00.000000039000,   6.40000,
,,,-00.000000038900,   6.20000,
,,,-00.000000038800,   6.20000,
,,,-00.000000038700,   6.20000,
,,,-00.000000038600,   6.20000,
,,,-00.000000038500,   6.20000,
,,,-00.000000038400,   6.00000,
,,,-00.000000038300,   6.00000,
,,,-00.000000038200,   6.00000,
,,,-00.000000038100,   6.00000,
,,,-00.000000038000,   5.80000,
,,,-00.000000037900,   5.80000,
,,,-00.000000037800,   5.80000,
,,,-00.000000037700,   5.80000,
,,,-00.000000037600,   5.60000,
,,,-00.000000037500,   5.60000,
,,,-00.000000037400,   5.60000,
,,,-00.000000037300,   5.60000,
,,,-00.000000037200,   5.40000,
,,,-00.000000037100,   5.40000,
,,,-00.000000037000,   5.40000,
,,,-00.000000036900,   5.20000,
,,,-00.000000036800,   5.20000,
,,,-00.000000036700,   5.20000,
,,,-00.000000036600,   5.20000,
,,,-00.000000036500,   5.00000,
,,,-00.000000036400,   5.00000,
,,,-00.000000036300,   5.00000,
,,,-00.000000036200,   4.80000,
,,,-00.000000036100,   4.80000,
,,,-00.000000036000,   4.80000,
,,,-00.000000035900,   4.60000,
,,,-00.000000035800,   4.60000,
,,,-00.000000035700,   4.60000,
,,,-00.000000035600,   4.40000,
,,,-00.000000035500,   4.40000,
,,,-00.000000035400,   4.40000,
,,,-00.000000035300,   4.20000,
,,,-00.000000035200,   4.20000,
,,,-00.000000035100,   4.20000,
,,,-00.000000035000,   4.00000,
,,,-00.000000034900,   4.00000,
,,,-00.000000034800,   4.00000,
,,,-00.000000034700,   3.80000,
,,,-00.000000034600,   3.80000,
,,,-00.000000034500,   3.80000,
,,,-00.000000034400,   3.60000,
,,,-00.000000034300,   3.60000,
,,,-00.000000034200,   3.60000,
,,,-00.000000034100,   3.40000,
,,,-00.000000034000,   3.40000,
,,,-00.000000033900,   3.20000,
,,,-00.000000033800,   3.20000,
,,,-00.000000033700,   3.20000,
,,,-00.000000033600,   3.00000,
,,,-00.000000033500,   3.00000,
,,,-00.000000033400,   2.80000,
,,,-00.000000033300,   2.80000,
,,,-00.000000033200,   2.80000,
,,,-00.000000033100,   2.60000,
,,,-00.000000033000,   2.60000,
,,,-00.000000032900,   2.60000,
,,,-00.000000032800,   2.40000,
,,,-00.000000032700,   2.40000,
,,,-00.000000032600,   2.20000,
,,,-00.000000032500,   2.20000,
,,,-00.000000032400,   2.20000,
,,,-00.000000032300,   2.00000,
,,,-00.000000032200,   2.00000,
,,,-00.000000032100,   1.80000,
,,,-00.000000032000,   1.80000,
,,,-00.000000031900,   1.80000,
,,,-00.000000031800,   1.60000,
,,,-00.000000031700,   1.60000,
,,,-00.000000031600,   1.40000,
,,,-00.000000031500,   1.40000,
,,,-00.000000031400,   1.40000,
,,,-00.000000031300,   1.20000,
,,,-00.000000031200,   1.20000,
,,,-00.000000031100,   1.00000,
,,,-00.000000031000,   1.00000,
,,,-00.000000030900,   0.80000,
,,,-00.000000030800,   0.80000,
,,,-00.000000030700,   0.80000,
,,,-00.000000030600,   0.60000,
,,,-00.000000030500,   0.60000,
,,,-00.000000030400,   0.40000,
,,,-00.000000030300,   0.40000,
,,,-00.000000030200,   0.40000,
,,,-00.000000030100,   0.20000,
,,,-00.000000030000,   0.20000,
,,,-00.000000029900,   0.00000,
,,,-00.000000029800,   0.00000,
,,,-00.000000029700,  -0.20000,
,,,-00.000000029600,  -0.20000,
,,,-00.000000029500,  -0.20000,
,,,-00.000000029400,  -0.40000,
,,,-00.000000029300,  -0.40000,
,,,-00.000000029200,  -0.60000,
,,,-00.000000029100,  -0.60000,
,,,-00.000000029000,  -0.80000,
,,,-00.000000028900,  -0.80000,
,,,-00.000000028800,  -1.00000,
,,,-00.000000028700,  -1.00000,
,,,-00.000000028600,  -1.00000,
,,,-00.000000028500,  -1.20000,
,,,-00.000000028400,  -1.20000,
,,,-00.000000028300,  -1.40000,
,,,-00.000000028200,  -1.40000,
,,,-00.000000028100,  -1.40000,
,,,-00.000000028000,  -1.60000,
,,,-00.000000027900,  -1.60000,
,,,-00.000000027800,  -1.80000,
,,,-00.000000027700,  -1.80000,
,,,-00.000000027600,  -1.80000,
,,,-00.000000027500,  -2.00000,
,,,-00.000000027400,  -2.00000,
,,,-00.000000027300,  -2.20000,
,,,-00.000000027200,  -2.20000,
,,,-00.000000027100,  -2.20000,
,,,-00.000000027000,  -2.40000,
,,,-00.000000026900,  -2.40000,
,,,-00.000000026800,  -2.60000,
,,,-00.000000026700,  -2.60000,
,,,-00.000000026600,  -2.80000,
,,,-00.000000026500,  -2.80000,
,,,-00.000000026400,  -2.80000,
,,,-00.000000026300,  -3.00000,
,,,-00.000000026200,  -3.00000,
,,,-00.000000026100,  -3.00000,
,,,-00.000000026000,  -3.20000,
,,,-00.000000025900,  -3.20000,
,,,-00.000000025800,  -3.40000,
,,,-00.000000025700,  -3.40000,
,,,-00.000000025600,  -3.40000,
,,,-00.000000025500,  -3.60000,
,,,-00.000000025400,  -3.60000,
,,,-00.000000025300,  -3.80000,
,,,-00.000000025200,  -3.80000,
,,,-00.000000025100,  -3.80000,
,,,-00.000000025000,  -4.00000,
,,,-00.000000024900,  -4.00000,
,,,-00.000000024800,  -4.00000,
,,,-00.000000024700,  -4.20000,
,,,-00.000000024600,  -4.20000,
,,,-00.000000024500,  -4.20000,
,,,-00.000000024400,  -4.40000,
,,,-00.000000024300,  -4.40000,
,,,-00.000000024200,  -4.40000,
,,,-00.000000024100,  -4.60000,
,,,-00.000000024000,  -4.60000,
,,,-00.000000023900,  -4.60000,
,,,-00.000000023800,  -4.80000,
,,,-00.000000023700,  -4.80000,
,,,-00.000000023600,  -4.80000,
,,,-00.000000023500,  -5.00000,
,,,-00.000000023400,  -5.00000,
,,,-00.000000023300,  -5.00000,
,,,-00.000000023200,  -5.20000,
,,,-00.000000023100,  -5.20000,
,,,-00.000000023000,  -5.20000,
,,,-00.000000022900,  -5.40000,
,,,-00.000000022800,  -5.40000,
,,,-00.000000022700,  -5.40000,
,,,-00.000000022600,  -5.40000,
,,,-00.000000022500,  -5.60000,
,,,-00.000000022400,  -5.60000,
,,,-00.000000022300,  -5.60000,
,,,-00.000000022200,  -5.80000,
,,,-00.000000022100,  -5.80000,
,,,-00.000000022000,  -5.80000,
,,,-00.000000021900,  -5.80000,
,,,-00.000000021800,  -6.00000,
,,,-00.000000021700,  -6.00000,
,,,-00.000000021600,  -6.00000,
,,,-00.000000021500,  -6.00000,
,,,-00.000000021400,  -6.20000,
,,,-00.000000021300,  -6.20000,
,,,-00.000000021200,  -6.20000,
,,,-00.000000021100,  -6.20000,
,,,-00.000000021000,  -6.40000,
,,,-00.000000020900,  -6.40000,
,,,-00.000000020800,  -6.40000,
,,,-00.000000020700,  -6.40000,
,,,-00.000000020600,  -6.40000,
,,,-00.000000020500,  -6.60000,
,,,-00.000000020400,  -6.60000,
,,,-00.000000020300,  -6.60000,
,,,-00.000000020200,  -6.60000,
,,,-00.000000020100,  -6.60000,
,,,-00.000000020000,  -6.80000,
,,,-00.000000019900,  -6.80000,
,,,-00.000000019800,  -6.80000,
,,,-00.000000019700,  -6.80000,
,,,-00.000000019600,  -6.80000,
,,,-00.000000019500,  -7.00000,
,,,-00.000000019400,  -7.00000,
,,,-00.000000019300,  -7.00000,
,,,-00.000000019200,  -7.00000,
,,,-00.000000019100,  -7.00000,
,,,-00.000000019000,  -7.00000,
,,,-00.000000018900,  -7.00000,
,,,-00.000000018800,  -7.20000,
,,,-00.000000018700,  -7.20000,
,,,-00.000000018600,  -7.20000,
,,,-00.000000018500,  -7.20000,
,,,-00.000000018400,  -7.20000,
,,,-00.000000018300,  -7.20000,
,,,-00.000000018200,  -7.20000,
,,,-00.000000018100,  -7.20000,
,,,-00.000000018000,  -7.20000,
,,,-00.000000017900,  -7.40000,
,,,-00.000000017800,  -7.40000,
,,,-00.000000017700,  -7.40000,
,,,-00.000000017600,  -7.40000,
,,,-00.000000017500,  -7.40000,
,,,-00.000000017400,  -7.40000,
,,,-00.000000017300,  -7.40000,
,,,-00.000000017200,  -7.40000,
,,,-00.000000017100,  -7.40000,
,,,-00.000000017000,  -7.40000,
,,,-00.000000016900,  -7.40000,
,,,-00.000000016800,  -7.40000,
,,,-00.000000016700,  -7.40000,
,,,-00.000000016600,  -7.40000,
,,,-00.000000016500,  -7.40000,
,,,-00.000000016400,  -7.40000,
,,,-00.000000016300,  -7.40000,
,,,-00.000000016200,  -7.40000,
,,,-00.000000016100,  -7.40000,
,,,-00.000000016000,  -7.40000,
,,,-00.000000015900,  -7.40000,
,,,-00.000000015800,  -7.40000,
,,,-00.000000015700,  -7.40000,
,,,-00.000000015600,  -7.40000,
,,,-00.000000015500,  -7.40000,
,,,-00.000000015400,  -7.40000,
,,,-00.000000015300,  -7.40000,
,,,-00.000000015200,  -7.40000,
,,,-00.000000015100,  -7.40000,
,,,-00.000000015000,  -7.40000,
,,,-00.000000014900,  -7.40000,
,,,-00.000000014800,  -7.40000,
,,,-00.000000014700,  -7.40000,
,,,-00.000000014600,  -7.40000,
,,,-00.000000014500,  -7.40000,
,,,-00.000000014400,  -7.40000,
,,,-00.000000014300,  -7.40000,
,,,-00.000000014200,  -7.40000,
,,,-00.000000014100,  -7.40000,
,,,-00.000000014000,  -7.40000,
,,,-00.000000013900,  -7.40000,
,,,-00.000000013800,  -7.20000,
,,,-00.000000013700,  -7.20000,
,,,-00.000000013600,  -7.20000,
,,,-00.000000013500,  -7.20000,
,,,-00.000000013400,  -7.20000,
,,,-00.000000013300,  -7.20000,
,,,-00.000000013200,  -7.20000,
,,,-00.000000013100,  -7.20000,
,,,-00.000000013000,  -7.20000,
,,,-00.000000012900,  -7.00000,
,,,-00.000000012800,  -7.00000,
,,,-00.000000012700,  -7.00000,
,,,-00.000000012600,  -7.00000,
,,,-00.000000012500,  -7.00000,
,,,-00.000000012400,  -7.00000,
,,,-00.000000012300,  -7.00000,
,,,-00.000000012200,  -6.80000,
,,,-00.000000012100,  -6.80000,
,,,-00.000000012000,  -6.80000,
,,,-00.000000011900,  -6.80000,
,,,-00.000000011800,  -6.80000,
,,,-00.000000011700,  -6.60000,
,,,-00.000000011600,  -6.60000,
,,,-00.000000011500,  -6.60000,
,,,-00.000000011400,  -6.60000,
,,,-00.000000011300,  -6.60000,
,,,-00.000000011200,  -6.40000,
,,,-00.000000011100,  -6.40000,
,,,-00.000000011000,  -6.40000,
,,,-00.000000010900,  -6.40000,
,,,-00.000000010800,  -6.40000,
,,,-00.000000010700,  -6.20000,
,,,-00.000000010600,  -6.20000,
,,,-00.000000010500,  -6.20000,
,,,-00.000000010400,  -6.20000,
,,,-00.000000010300,  -6.00000,
,,,-00.000000010200,  -6.00000,
,,,-00.000000010100,  -6.00000,
,,,-00.000000010000,  -6.00000,
,,,-00.000000009900,  -5.80000,
,,,-00.000000009800,  -5.80000,
,,,-00.000000009700,  -5.80000,
,,,-00.000000009600,  -5.60000,
,,,-00.000000009500,  -5.60000,
,,,-00.000000009400,  -5.60000,
,,,-00.000000009300,  -5.60000,
,,,-00.000000009200,  -5.40000,
,,,-00.000000009100,  -5.40000,
,,,-00.000000009000,  -5.40000,
,,,-00.000000008900,  -5.40000,
,,,-00.000000008800,  -5.20000,
,,,-00.000000008700,  -5.20000,
,,,-00.000000008600,  -5.20000,
,,,-00.000000008500,  -5.00000,
,,,-00.000000008400,  -5.00000,
,,,-00.000000008300,  -5.00000,
,,,-00.000000008200,  -4.80000,
,,,-00.000000008100,  -4.80000,
,,,-00.000000008000,  -4.80000,
,,,-00.000000007900,  -4.60000,
,,,-00.000000007800,  -4.60000,
,,,-00.000000007700,  -4.60000,
,,,-00.000000007600,  -4.40000,
,,,-00.000000007500,  -4.40000,
,,,-00.000000007400,  -4.40000,
,,,-00.000000007300,  -4.20000,
,,,-00.000000007200,  -4.20000,
,,,-00.000000007100,  -4.00000,
,,,-00.000000007000,  -4.00000,
,,,-00.000000006900,  -4.00000,
,,,-00.000000006800,  -3.80000,
,,,-00.000000006700,  -3.80000,
,,,-00.000000006600,  -3.80000,
,,,-00.000000006500,  -3.60000,
,,,-00.000000006400,  -3.60000,
,,,-00.000000006300,  -3.60000,
,,,-00.000000006200,  -3.40000,
,,,-00.000000006100,  -3.40000,
,,,-00.000000006000,  -3.40000,
,,,-00.000000005900,  -3.20000,
,,,-00.000000005800,  -3.20000,
,,,-00.000000005700,  -3.20000,
,,,-00.000000005600,  -3.00000,
,,,-00.000000005500,  -3.00000,
,,,-00.000000005400,  -2.80000,
,,,-00.000000005300,  -2.80000,
,,,-00.000000005200,  -2.80000,
,,,-00.000000005100,  -2.60000,
,,,-00.000000005000,  -2.60000,
,,,-00.000000004900,  -2.40000,
,,,-00.000000004800,  -2.40000,
,,,-00.000000004700,  -2.40000,
,,,-00.000000004600,  -2.20000,
,,,-00.000000004500,  -2.20000,
,,,-00.000000004400,  -2.00000,
,,,-00.000000004300,  -2.00000,
,,,-00.000000004200,  -2.00000,
,,,-00.000000004100,  -1.80000,
,,,-00.000000004000,  -1.80000,
,,,-00.000000003900,  -1.60000,
,,,-00.000000003800,  -1.60000,
,,,-00.000000003700,  -1.60000,
,,,-00.000000003600,  -1.40000,
,,,-00.000000003500,  -1.40000,
,,,-00.000000003400,  -1.20000,
,,,-00.000000003300,  -1.20000,
,,,-00.000000003200,  -1.00000,
,,,-00.000000003100,  -1.00000,
,,,-00.000000003000,  -1.00000,
,,,-00.000000002900,  -0.80000,
,,,-00.000000002800,  -0.80000,
,,,-00.000000002700,  -0.60000,
,,,-00.000000002600,  -0.60000,
,,,-00.000000002500,  -0.60000,
,,,-00.000000002400,  -0.40000,
,,,-00.000000002300,  -0.40000,
,,,-00.000000002200,  -0.20000,
,,,-00.000000002100,  -0.20000,
,,,-00.000000002000,  -0.20000,
,,,-00.000000001900,   0.00000,
,,,-00.000000001800,   0.00000,
,,,-00.000000001700,   0.20000,
,,,-00.000000001600,   0.20000,
,,,-00.000000001500,   0.40000,
,,,-00.000000001400,   0.40000,
,,,-00.000000001300,   0.40000,
,,,-00.000000001200,   0.60000,
,,,-00.000000001100,   0.60000,
,,,-00.000000001000,   0.80000,
,,,-00.000000000900,   0.80000,
,,,-00.000000000800,   0.80000,
,,,-00.000000000700,   1.00000,
,,,-00.000000000600,   1.00000,
,,,-00.000000000500,   1.20000,
,,,-00.000000000400,   1.20000,
,,,-00.000000000300,   1.20000,
,,,-00.000000000200,   1.40000,
,,,-00.000000000100,   1.40000,
,,,-00.000000000000,   1.60000,
,,,00.000000000100,   1.60000,
,,,00.000000000200,   1.60000,
,,,00.000000000300,   1.80000,
,,,00.000000000400,   1.80000,
,,,00.000000000500,   2.00000,
,,,00.000000000600,   2.00000,
,,,00.000000000700,   2.00000,
,,,00.000000000800,   2.20000,
,,,00.000000000900,   2.20000,
,,,00.000000001000,   2.40000,
,,,00.000000001100,   2.40000,
,,,00.000000001200,   2.40000,
,,,00.000000001300,   2.60000,
,,,00.000000001400,   2.60000,
,,,00.000000001500,   2.80000,
,,,00.000000001600,   2.80000,
,,,00.000000001700,   2.80000,
,,,00.000000001800,   3.00000,
,,,00.000000001900,   3.00000,
,,,00.000000002000,   3.00000,
,,,00.000000002100,   3.20000,
,,,00.000000002200,   3.20000,
,,,00.000000002300,   3.40000,
,,,00.000000002400,   3.40000,
,,,00.000000002500,   3.40000,
,,,00.000000002600,   3.60000,
,,,00.000000002700,   3.60000,
,,,00.000000002800,   3.60000,
,,,00.000000002900,   3.80000,
,,,00.000000003000,   3.80000,
,,,00.000000003100,   3.80000,
,,,00.000000003200,   4.00000,
,,,00.000000003300,   4.00000,
,,,00.000000003400,   4.00000,
,,,00.000000003500,   4.20000,
,,,00.000000003600,   4.20000,
,,,00.000000003700,   4.20000,
,,,00.000000003800,   4.40000,
,,,00.000000003900,   4.40000,
,,,00.000000004000,   4.40000,
,,,00.000000004100,   4.60000,
,,,00.000000004200,   4.60000,
,,,00.000000004300,   4.60000,
,,,00.000000004400,   4.80000,
,,,00.000000004500,   4.80000,
,,,00.000000004600,   4.80000,
,,,00.000000004700,   5.00000,
,,,00.000000004800,   5.00000,
,,,00.000000004900,   5.00000,
,,,00.000000005000,   5.20000,
,,,00.000000005100,   5.20000,
,,,00.000000005200,   5.20000,
,,,00.000000005300,   5.20000,
,,,00.000000005400,   5.40000,
,,,00.000000005500,   5.40000,
,,,00.000000005600,   5.40000,
,,,00.000000005700,   5.40000,
,,,00.000000005800,   5.60000,
,,,00.000000005900,   5.60000,
,,,00.000000006000,   5.60000,
,,,00.000000006100,   5.60000,
,,,00.000000006200,   5.80000,
,,,00.000000006300,   5.80000,
,,,00.000000006400,   5.80000,
,,,00.000000006500,   5.80000,
,,,00.000000006600,   6.00000,
,,,00.000000006700,   6.00000,
,,,00.000000006800,   6.00000,
,,,00.000000006900,   6.00000,
,,,00.000000007000,   6.00000,
,,,00.000000007100,   6.20000,
,,,00.000000007200,   6.20000,
,,,00.000000007300,   6.20000,
,,,00.000000007400,   6.20000,
,,,00.000000007500,   6.20000,
,,,00.000000007600,   6.40000,
,,,00.000000007700,   6.40000,
,,,00.000000007800,   6.40000,
,,,00.000000007900,   6.40000,
,,,00.000000008000,   6.40000,
,,,00.000000008100,   6.60000,
,,,00.000000008200,   6.60000,
,,,00.000000008300,   6.60000,
,,,00.000000008400,   6.60000,
,,,00.000000008500,   6.60000,
,,,00.000000008600,   6.60000,
,,,00.000000008700,   6.80000,
,,,00.000000008800,   6.80000,
,,,00.000000008900,   6.80000,
,,,00.000000009000,   6.80000,
,,,00.000000009100,   6.80000,
,,,00.000000009200,   6.80000,
,,,00.000000009300,   6.80000,
,,,00.000000009400,   7.00000,
,,,00.000000009500,   7.00000,
,,,00.000000009600,   7.00000,
,,,00.000000009700,   7.00000,
,,,00.000000009800,   7.00000,
,,,00.000000009900,   7.00000,
,,,00.000000010000,   7.00000,
,,,00.000000010100,   7.00000,
,,,00.000000010200,   7.00000,
,,,00.000000010300,   7.20000,
,,,00.000000010400,   7.20000,
,,,00.000000010500,   7.20000,
,,,00.000000010600,   7.20000,
,,,00.000000010700,   7.20000,
,,,00.000000010800,   7.20000,
,,,00.000000010900,   7.20000,
,,,00.000000011000,   7.20000,
,,,00.000000011100,   7.20000,
,,,00.000000011200,   7.20000,
,,,00.000000011300,   7.20000,
,,,00.000000011400,   7.20000,
,,,00.000000011500,   7.20000,
,,,00.000000011600,   7.20000,
,,,00.000000011700,   7.20000,
,,,00.000000011800,   7.20000,
,,,00.000000011900,   7.20000,
,,,00.000000012000,   7.20000,
,,,00.000000012100,   7.20000,
,,,00.000000012200,   7.20000,
,,,00.000000012300,   7.20000,
,,,00.000000012400,   7.20000,
,,,00.000000012500,   7.20000,
,,,00.000000012600,   7.20000,
,,,00.000000012700,   7.20000,
,,,00.000000012800,   7.20000,
,,,00.000000012900,   7.20000,
,,,00.000000013000,   7.20000,
,,,00.000000013100,   7.20000,
,,,00.000000013200,   7.20000,
,,,00.000000013300,   7.20000,
,,,00.000000013400,   7.20000,
,,,00.000000013500,   7.20000,
,,,00.000000013600,   7.20000,
,,,00.000000013700,   7.20000,
,,,00.000000013800,   7.00000,
,,,00.000000013900,   7.00000,
,,,00.000000014000,   7.00000,
,,,00.000000014100,   7.00000,
,,,00.000000014200,   7.00000,
,,,00.000000014300,   7.00000,
,,,00.000000014400,   7.00000,
,,,00.000000014500,   7.00000,
,,,00.000000014600,   7.00000,
,,,00.000000014700,   7.00000,
,,,00.000000014800,   6.80000,
,,,00.000000014900,   6.80000,
,,,00.000000015000,   6.80000,
,,,00.000000015100,   6.80000,
,,,00.000000015200,   6.80000,
,,,00.000000015300,   6.80000,
,,,00.000000015400,   6.80000,
,,,00.000000015500,   6.60000,
,,,00.000000015600,   6.60000,
,,,00.000000015700,   6.60000,
,,,00.000000015800,   6.60000,
,,,00.000000015900,   6.60000,
,,,00.000000016000,   6.60000,
,,,00.000000016100,   6.40000,
,,,00.000000016200,   6.40000,
,,,00.000000016300,   6.40000,
,,,00.000000016400,   6.40000,
,,,00.000000016500,   6.40000,
,,,00.000000016600,   6.20000,
,,,00.000000016700,   6.20000,
,,,00.000000016800,   6.20000,
,,,00.000000016900,   6.20000,
,,,00.000000017000,   6.20000,
,,,00.000000017100,   6.00000,
,,,00.000000017200,   6.00000,
,,,00.000000017300,   6.00000,
,,,00.000000017400,   6.00000,
,,,00.000000017500,   5.80000,
,,,00.000000017600,   5.80000,
,,,00.000000017700,   5.80000,
,,,00.000000017800,   5.80000,
,,,00.000000017900,   5.80000,
,,,00.000000018000,   5.60000,
,,,00.000000018100,   5.60000,
,,,00.000000018200,   5.60000,
,,,00.000000018300,   5.60000,
,,,00.000000018400,   5.40000,
,,,00.000000018500,   5.40000,
,,,00.000000018600,   5.40000,
,,,00.000000018700,   5.20000,
,,,00.000000018800,   5.20000,
,,,00.000000018900,   5.20000,
,,,00.000000019000,   5.20000,
,,,00.000000019100,   5.00000,
,,,00.000000019200,   5.00000,
,,,00.000000019300,   5.00000,
,,,00.000000019400,   4.80000,
,,,00.000000019500,   4.80000,
,,,00.000000019600,   4.80000,
,,,00.000000019700,   4.60000,
,,,00.000000019800,   4.60000,
,,,00.000000019900,   4.60000,
,,,00.000000020000,   4.40000,
,,,00.000000020100,   4.40000,
,,,00.000000020200,   4.40000,
,,,00.000000020300,   4.20000,
,,,00.000000020400,   4.20000,
,,,00.000000020500,   4.20000,
,,,00.000000020600,   4.00000,
,,,00.000000020700,   4.00000,
,,,00.000000020800,   4.00000,
,,,00.000000020900,   3.80000,
,,,00.000000021000,   3.80000,
,,,00.000000021100,   3.80000,
,,,00.000000021200,   3.60000,
,,,00.000000021300,   3.60000,
,,,00.000000021400,   3.40000,
,,,00.000000021500,   3.40000,
,,,00.000000021600,   3.40000,
,,,00.000000021700,   3.20000,
,,,00.000000021800,   3.20000,
,,,00.000000021900,   3.20000,
,,,00.000000022000,   3.00000,
,,,00.000000022100,   3.00000,
,,,00.000000022200,   2.80000,
,,,00.000000022300,   2.80000,
,,,00.000000022400,   2.80000,
,,,00.000000022500,   2.60000,
,,,00.000000022600,   2.60000,
,,,00.000000022700,   2.40000,
,,,00.000000022800,   2.40000,
,,,00.000000022900,   2.40000,
,,,00.000000023000,   2.20000,
,,,00.000000023100,   2.20000,
,,,00.000000023200,   2.00000,
,,,00.000000023300,   2.00000,
,,,00.000000023400,   2.00000,
,,,00.000000023500,   1.80000,
,,,00.000000023600,   1.80000,
,,,00.000000023700,   1.60000,
,,,00.000000023800,   1.60000,
,,,00.000000023900,   1.60000,
,,,00.000000024000,   1.40000,
,,,00.000000024100,   1.40000,
,,,00.000000024200,   1.20000,
,,,00.000000024300,   1.20000,
,,,00.000000024400,   1.20000,
,,,00.000000024500,   1.00000,
,,,00.000000024600,   1.00000,
,,,00.000000024700,   0.80000,
,,,00.000000024800,   0.80000,
,,,00.000000024900,   0.60000,
,,,00.000000025000,   0.60000,
,,,00.000000025100,   0.60000,
,,,00.000000025200,   0.40000,
,,,00.000000025300,   0.40000,
,,,00.000000025400,   0.20000,
,,,00.000000025500,   0.20000,
,,,00.000000025600,   0.20000,
,,,00.000000025700,   0.00000,
,,,00.000000025800,   0.00000,
,,,00.000000025900,  -0.20000,
,,,00.000000026000,  -0.20000,
,,,00.000000026100,  -0.40000,
,,,00.000000026200,  -0.40000,
,,,00.000000026300,  -0.40000,
,,,00.000000026400,  -0.60000,
,,,00.000000026500,  -0.60000,
,,,00.000000026600,  -0.80000,
,,,00.000000026700,  -0.80000,
,,,00.000000026800,  -1.00000,
,,,00.000000026900,  -1.00000,
,,,00.000000027000,  -1.20000,
,,,00.000000027100,  -1.20000,
,,,00.000000027200,  -1.20000,
,,,00.000000027300,  -1.40000,
,,,00.000000027400,  -1.40000,
,,,00.000000027500,  -1.60000,
,,,00.000000027600,  -1.60000,
,,,00.000000027700,  -1.80000,
,,,00.000000027800,  -1.80000,
,,,00.000000027900,  -1.80000,
,,,00.000000028000,  -2.00000,
,,,00.000000028100,  -2.00000,
,,,00.000000028200,  -2.20000,
,,,00.000000028300,  -2.20000,
,,,00.000000028400,  -2.20000,
,,,00.000000028500,  -2.40000,
,,,00.000000028600,  -2.40000,
,,,00.000000028700,  -2.60000,
,,,00.000000028800,  -2.60000,
,,,00.000000028900,  -2.60000,
,,,00.000000029000,  -2.80000,
,,,00.000000029100,  -2.80000,
,,,00.000000029200,  -3.00000,
,,,00.000000029300,  -3.00000,
,,,00.000000029400,  -3.00000,
,,,00.000000029500,  -3.20000,
,,,00.000000029600,  -3.20000,
,,,00.000000029700,  -3.40000,
,,,00.000000029800,  -3.40000,
,,,00.000000029900,  -3.40000,
,,,00.000000030000,  -3.60000,
,,,00.000000030100,  -3.60000,
,,,00.000000030200,  -3.60000,
,,,00.000000030300,  -3.80000,
,,,00.000000030400,  -3.80000,
,,,00.000000030500,  -3.80000,
,,,00.000000030600,  -4.00000,
,,,00.000000030700,  -4.00000,
,,,00.000000030800,  -4.00000,
,,,00.000000030900,  -4.20000,
,,,00.000000031000,  -4.20000,
,,,00.000000031100,  -4.40000,
,,,00.000000031200,  -4.40000,
,,,00.000000031300,  -4.40000,
,,,00.000000031400,  -4.60000,
,,,00.000000031500,  -4.60000,
,,,00.000000031600,  -4.60000,
,,,00.000000031700,  -4.80000,
,,,00.000000031800,  -4.80000,
,,,00.000000031900,  -4.80000,
,,,00.000000032000,  -5.00000,
,,,00.000000032100,  -5.00000,
,,,00.000000032200,  -5.00000,
,,,00.000000032300,  -5.20000,
,,,00.000000032400,  -5.20000,
,,,00.000000032500,  -5.20000,
,,,00.000000032600,  -5.20000,
,,,00.000000032700,  -5.40000,
,,,00.000000032800,  -5.40000,
,,,00.000000032900,  -5.40000,
,,,00.000000033000,  -5.60000,
,,,00.000000033100,  -5.60000,
,,,00.000000033200,  -5.60000,
,,,00.000000033300,  -5.60000,
,,,00.000000033400,  -5.80000,
,,,00.000000033500,  -5.80000,
,,,00.000000033600,  -5.80000,
,,,00.000000033700,  -6.00000,
,,,00.000000033800,  -6.00000,
,,,00.000000033900,  -6.00000,
,,,00.000000034000,  -6.00000,
,,,00.000000034100,  -6.20000,
,,,00.000000034200,  -6.20000,
,,,00.000000034300,  -6.20000,
,,,00.000000034400,  -6.20000,
,,,00.000000034500,  -6.20000,
,,,00.000000034600,  -6.40000,
,,,00.000000034700,  -6.40000,
,,,00.000000034800,  -6.40000,
,,,00.000000034900,  -6.40000,
,,,00.000000035000,  -6.60000,
,,,00.000000035100,  -6.60000,
,,,00.000000035200,  -6.60000,
,,,00.000000035300,  -6.60000,
,,,00.000000035400,  -6.60000,
,,,00.000000035500,  -6.60000,
,,,00.000000035600,  -6.80000,
,,,00.000000035700,  -6.80000,
,,,00.000000035800,  -6.80000,
,,,00.000000035900,  -6.80000,
,,,00.000000036000,  -6.80000,
,,,00.000000036100,  -7.00000,
,,,00.000000036200,  -7.00000,
,,,00.000000036300,  -7.00000,
,,,00.000000036400,  -7.00000,
,,,00.000000036500,  -7.00000,
,,,00.000000036600,  -7.00000,
,,,00.000000036700,  -7.00000,
,,,00.000000036800,  -7.20000,
,,,00.000000036900,  -7.20000,
,,,00.000000037000,  -7.20000,
,,,00.000000037100,  -7.20000,
,,,00.000000037200,  -7.20000,
,,,00.000000037300,  -7.20000,
,,,00.000000037400,  -7.20000,
,,,00.000000037500,  -7.20000,
,,,00.000000037600,  -7.20000,
,,,00.000000037700,  -7.40000,
,,,00.000000037800,  -7.40000,
,,,00.000000037900,  -7.40000,
,,,00.000000038000,  -7.40000,
,,,00.000000038100,  -7.40000,
,,,00.000000038200,  -7.40000,
,,,00.000000038300,  -7.40000,
,,,00.000000038400,  -7.40000,
,,,00.000000038500,  -7.40000,
,,,00.000000038600,  -7.40000,
,,,00.000000038700,  -7.40000,
,,,00.000000038800,  -7.40000,
,,,00.000000038900,  -7.40000,
,,,00.000000039000,  -7.40000,
,,,00.000000039100,  -7.40000,
,,,00.000000039200,  -7.40000,
,,,00.000000039300,  -7.40000,
,,,00.000000039400,  -7.40000,
,,,00.000000039500,  -7.40000,
,,,00.000000039600,  -7.40000,
,,,00.000000039700,  -7.40000,
,,,00.000000039800,  -7.40000,
,,,00.000000039900,  -7.40000,
,,,00.000000040000,  -7.40000,
,,,00.000000040100,  -7.40000,
,,,00.000000040200,  -7.40000,
,,,00.000000040300,  -7.40000,
,,,00.000000040400,  -7.40000,
,,,00.000000040500,  -7.40000,
,,,00.000000040600,  -7.40000,
,,,00.000000040700,  -7.40000,
,,,00.000000040800,  -7.40000,
,,,00.000000040900,  -7.40000,
,,,00.000000041000,  -7.40000,
,,,00.000000041100,  -7.40000,
,,,00.000000041200,  -7.40000,
,,,00.000000041300,  -7.40000,
,,,00.000000041400,  -7.40000,
,,,00.000000041500,  -7.40000,
,,,00.000000041600,  -7.40000,
,,,00.000000041700,  -7.40000,
,,,00.000000041800,  -7.20000,
,,,00.000000041900,  -7.20000,
,,,00.000000042000,  -7.20000,
,,,00.000000042100,  -7.20000,
,,,00.000000042200,  -7.20000,
,,,00.000000042300,  -7.20000,
,,,00.000000042400,  -7.20000,
,,,00.000000042500,  -7.20000,
,,,00.000000042600,  -7.20000,
,,,00.000000042700,  -7.00000,
,,,00.000000042800,  -7.00000,
,,,00.000000042900,  -7.00000,
,,,00.000000043000,  -7.00000,
,,,00.000000043100,  -7.00000,
,,,00.000000043200,  -7.00000,
,,,00.000000043300,  -6.80000,
,,,00.000000043400,  -6.80000,
,,,00.000000043500,  -6.80000,
,,,00.000000043600,  -6.80000,
,,,00.000000043700,  -6.80000,
,,,00.000000043800,  -6.80000,
,,,00.000000043900,  -6.60000,
,,,00.000000044000,  -6.60000,
,,,00.000000044100,  -6.60000,
,,,00.000000044200,  -6.60000,
,,,00.000000044300,  -6.60000,
,,,00.000000044400,  -6.40000,
,,,00.000000044500,  -6.40000,
,,,00.000000044600,  -6.40000,
,,,00.000000044700,  -6.40000,
,,,00.000000044800,  -6.40000,
,,,00.000000044900,  -6.20000,
,,,00.000000045000,  -6.20000,
,,,00.000000045100,  -6.20000,
,,,00.000000045200,  -6.20000,
,,,00.000000045300,  -6.00000,
,,,00.000000045400,  -6.00000,
,,,00.000000045500,  -6.00000,
,,,00.000000045600,  -6.00000,
,,,00.000000045700,  -5.80000,
,,,00.000000045800,  -5.80000,
,,,00.000000045900,  -5.80000,
,,,00.000000046000,  -5.60000,
,,,00.000000046100,  -5.60000,
,,,00.000000046200,  -5.60000,
,,,00.000000046300,  -5.60000,
,,,00.000000046400,  -5.40000,
,,,00.000000046500,  -5.40000,
,,,00.000000046600,  -5.40000,
,,,00.000000046700,  -5.20000,
,,,00.000000046800,  -5.20000,
,,,00.000000046900,  -5.20000,
,,,00.000000047000,  -5.00000,
,,,00.000000047100,  -5.00000,
,,,00.000000047200,  -5.00000,
,,,00.000000047300,  -5.00000,
,,,00.000000047400,  -4.80000,
,,,00.000000047500,  -4.80000,
,,,00.000000047600,  -4.80000,
,,,00.000000047700,  -4.60000,
,,,00.000000047800,  -4.60000,
,,,00.000000047900,  -4.60000,
,,,00.000000048000,  -4.40000,
,,,00.000000048100,  -4.40000,
,,,00.000000048200,  -4.40000,
,,,00.000000048300,  -4.20000,
,,,00.000000048400,  -4.20000,
,,,00.000000048500,  -4.20000,
,,,00.000000048600,  -4.00000,
,,,00.000000048700,  -4.00000,
,,,00.000000048800,  -3.80000,
,,,00.000000048900,  -3.80000,
,,,00.000000049000,  -3.80000,
,,,00.000000049100,  -3.60000,
,,,00.000000049200,  -3.60000,
,,,00.000000049300,  -3.60000,
,,,00.000000049400,  -3.40000,
,,,00.000000049500,  -3.40000,
,,,00.000000049600,  -3.20000,
,,,00.000000049700,  -3.20000,
,,,00.000000049800,  -3.20000,
,,,00.000000049900,  -3.00000,
,,,00.000000050000,  -3.00000,
,,,00.000000050100,  -3.00000,
,,,00.000000050200,  -2.80000,
,,,00.000000050300,  -2.80000,
,,,00.000000050400,  -2.60000,
,,,00.000000050500,  -2.60000,
,,,00.000000050600,  -2.60000,
,,,00.000000050700,  -2.40000,
,,,00.000000050800,  -2.40000,
,,,00.000000050900,  -2.40000,
,,,00.000000051000,  -2.20000,
,,,00.000000051100,  -2.20000,
,,,00.000000051200,  -2.00000,
,,,00.000000051300,  -2.00000,
,,,00.000000051400,  -2.00000,
,,,00.000000051500,  -1.80000,
,,,00.000000051600,  -1.80000,
,,,00.000000051700,  -1.60000,
,,,00.000000051800,  -1.60000,
,,,00.000000051900,  -1.40000,
,,,00.000000052000,  -1.40000,
,,,00.000000052100,  -1.40000,
,,,00.000000052200,  -1.20000,
,,,00.000000052300,  -1.20000,
,,,00.000000052400,  -1.00000,
,,,00.000000052500,  -1.00000,
,,,00.000000052600,  -1.00000,
,,,00.000000052700,  -0.80000,
,,,00.000000052800,  -0.80000,
,,,00.000000052900,  -0.60000,
,,,00.000000053000,  -0.60000,
,,,00.000000053100,  -0.60000,
,,,00.000000053200,  -0.40000,
,,,00.000000053300,  -0.40000,
,,,00.000000053400,  -0.20000,
,,,00.000000053500,  -0.20000,
,,,00.000000053600,   0.00000,
,,,00.000000053700,   0.00000,
,,,00.000000053800,   0.00000,
,,,00.000000053900,   0.20000,
,,,00.000000054000,   0.20000,
,,,00.000000054100,   0.40000,
,,,00.000000054200,   0.40000,
,,,00.000000054300,   0.40000,
,,,00.000000054400,   0.60000,
,,,00.000000054500,   0.60000,
,,,00.000000054600,   0.80000,
,,,00.000000054700,   0.80000,
,,,00.000000054800,   1.00000,
,,,00.000000054900,   1.00000,
,,,00.000000055000,   1.00000,
,,,00.000000055100,   1.20000,
,,,00.000000055200,   1.20000,
,,,00.000000055300,   1.40000,
,,,00.000000055400,   1.40000,
,,,00.000000055500,   1.40000,
,,,00.000000055600,   1.60000,
,,,00.000000055700,   1.60000,
,,,00.000000055800,   1.80000,
,,,00.000000055900,   1.80000,
,,,00.000000056000,   1.80000,
,,,00.000000056100,   2.00000,
,,,00.000000056200,   2.00000,
,,,00.000000056300,   2.20000,
,,,00.000000056400,   2.20000,
,,,00.000000056500,   2.20000,
,,,00.000000056600,   2.40000,
,,,00.000000056700,   2.40000,
,,,00.000000056800,   2.60000,
,,,00.000000056900,   2.60000,
,,,00.000000057000,   2.60000,
,,,00.000000057100,   2.80000,
,,,00.000000057200,   2.80000,
,,,00.000000057300,   2.80000,
,,,00.000000057400,   3.00000,
,,,00.000000057500,   3.00000,
,,,00.000000057600,   3.20000,
,,,00.000000057700,   3.20000,
,,,00.000000057800,   3.20000,
,,,00.000000057900,   3.40000,
,,,00.000000058000,   3.40000,
,,,00.000000058100,   3.40000,
,,,00.000000058200,   3.60000,
,,,00.000000058300,   3.60000,
,,,00.000000058400,   3.80000,
,,,00.000000058500,   3.80000,
,,,00.000000058600,   3.80000,
,,,00.000000058700,   4.00000,
,,,00.000000058800,   4.00000,
,,,00.000000058900,   4.00000,
,,,00.000000059000,   4.20000,
,,,00.000000059100,   4.20000,
,,,00.000000059200,   4.20000,
,,,00.000000059300,   4.40000,
,,,00.000000059400,   4.40000,
,,,00.000000059500,   4.40000,
,,,00.000000059600,   4.60000,
,,,00.000000059700,   4.60000,
,,,00.000000059800,   4.60000,
,,,00.000000059900,   4.80000,
,,,00.000000060000,   4.80000,
,,,00.000000060100,   4.80000,
,,,00.000000060200,   4.80000,
,,,00.000000060300,   5.00000,
,,,00.000000060400,   5.00000,
,,,00.000000060500,   5.00000,
,,,00.000000060600,   5.20000,
,,,00.000000060700,   5.20000,
,,,00.000000060800,   5.20000,
,,,00.000000060900,   5.20000,
,,,00.000000061000,   5.40000,
,,,00.000000061100,   5.40000,
,,,00.000000061200,   5.40000,
,,,00.000000061300,   5.40000,
,,,00.000000061400,   5.60000,
,,,00.000000061500,   5.60000,
,,,00.000000061600,   5.60000,
,,,00.000000061700,   5.60000,
,,,00.000000061800,   5.80000,
,,,00.000000061900,   5.80000,
,,,00.000000062000,   5.80000,
,,,00.000000062100,   5.80000,
,,,00.000000062200,   6.00000,
,,,00.000000062300,   6.00000,
,,,00.000000062400,   6.00000,
,,,00.000000062500,   6.00000,
,,,00.000000062600,   6.20000,
,,,00.000000062700,   6.20000,
,,,00.000000062800,   6.20000,
,,,00.000000062900,   6.20000,
,,,00.000000063000,   6.20000,
,,,00.000000063100,   6.40000,
,,,00.000000063200,   6.40000,
,,,00.000000063300,   6.40000,
,,,00.000000063400,   6.40000,
,,,00.000000063500,   6.40000,
,,,00.000000063600,   6.40000,
,,,00.000000063700,   6.60000,
,,,00.000000063800,   6.60000,
,,,00.000000063900,   6.60000,
,,,00.000000064000,   6.60000,
,,,00.000000064100,   6.60000,
,,,00.000000064200,   6.80000,
,,,00.000000064300,   6.80000,
,,,00.000000064400,   6.80000,
,,,00.000000064500,   6.80000,
,,,00.000000064600,   6.80000,
,,,00.000000064700,   6.80000,
,,,00.000000064800,   6.80000,
,,,00.000000064900,   7.00000,
,,,00.000000065000,   7.00000,
,,,00.000000065100,   7.00000,
,,,00.000000065200,   7.00000,
,,,00.000000065300,   7.00000,
,,,00.000000065400,   7.00000,
,,,00.000000065500,   7.00000,
,,,00.000000065600,   7.00000,
,,,00.000000065700,   7.00000,
,,,00.000000065800,   7.20000,
,,,00.000000065900,   7.20000,
,,,00.000000066000,   7.20000,
,,,00.000000066100,   7.20000,
,,,00.000000066200,   7.20000,
,,,00.000000066300,   7.20000,
,,,00.000000066400,   7.20000,
,,,00.000000066500,   7.20000,
,,,00.000000066600,   7.20000,
,,,00.000000066700,   7.20000,
,,,00.000000066800,   7.20000,
,,,00.000000066900,   7.20000,
,,,00.000000067000,   7.20000,
,,,00.000000067100,   7.20000,
,,,00.000000067200,   7.20000,
,,,00.000000067300,   7.20000,
,,,00.000000067400,   7.20000,
,,,00.000000067500,   7.20000,
,,,00.000000067600,   7.20000,
,,,00.000000067700,   7.20000,
,,,00.000000067800,   7.20000,
,,,00.000000067900,   7.20000,
,,,00.000000068000,   7.20000,
,,,00.000000068100,   7.20000,
,,,00.000000068200,   7.20000,
,,,00.000000068300,   7.20000,
,,,00.000000068400,   7.20000,
,,,00.000000068500,   7.20000,
,,,00.000000068600,   7.20000,
,,,00.000000068700,   7.20000,
,,,00.000000068800,   7.20000,
,,,00.000000068900,   7.20000,
,,,00.000000069000,   7.20000,
,,,00.000000069100,   7.20000,
,,,00.000000069200,   7.20000,
,,,00.000000069300,   7.20000,
,,,00.000000069400,   7.20000,
,,,00.000000069500,   7.20000,
,,,00.000000069600,   7.00000,
,,,00.000000069700,   7.00000,
,,,00.000000069800,   7.00000,
,,,00.000000069900,   7.00000,
,,,00.000000070000,   7.00000,
,,,00.000000070100,   7.00000,
,,,00.000000070200,   7.00000,
,,,00.000000070300,   7.00000,
,,,00.000000070400,   7.00000,
,,,00.000000070500,   6.80000,
,,,00.000000070600,   6.80000,
,,,00.000000070700,   6.80000,
,,,00.000000070800,   6.80000,
,,,00.000000070900,   6.80000,
,,,00.000000071000,   6.80000,
,,,00.000000071100,   6.80000,
,,,00.000000071200,   6.60000,
,,,00.000000071300,   6.60000,
,,,00.000000071400,   6.60000,
,,,00.000000071500,   6.60000,
,,,00.000000071600,   6.60000,
,,,00.000000071700,   6.40000,
,,,00.000000071800,   6.40000,
,,,00.000000071900,   6.40000,
,,,00.000000072000,   6.40000,
,,,00.000000072100,   6.40000,
,,,00.000000072200,   6.20000,
,,,00.000000072300,   6.20000,
,,,00.000000072400,   6.20000,
,,,00.000000072500,   6.20000,
,,,00.000000072600,   6.20000,
,,,00.000000072700,   6.00000,
,,,00.000000072800,   6.00000,
,,,00.000000072900,   6.00000,
,,,00.000000073000,   6.00000,
,,,00.000000073100,   5.80000,
,,,00.000000073200,   5.80000,
,,,00.000000073300,   5.80000,
,,,00.000000073400,   5.80000,
,,,00.000000073500,   5.60000,
,,,00.000000073600,   5.60000,
,,,00.000000073700,   5.60000,
,,,00.000000073800,   5.60000,
,,,00.000000073900,   5.40000,
,,,00.000000074000,   5.40000,
,,,00.000000074100,   5.40000,
,,,00.000000074200,   5.20000,
,,,00.000000074300,   5.20000,
,,,00.000000074400,   5.20000,
,,,00.000000074500,   5.20000,
,,,00.000000074600,   5.00000,
,,,00.000000074700,   5.00000,
,,,00.000000074800,   5.00000,
,,,00.000000074900,   4.80000,
,,,00.000000075000,   4.80000,
,,,00.000000075100,   4.80000,
,,,00.000000075200,   4.60000,
,,,00.000000075300,   4.60000,
,,,00.000000075400,   4.60000,
,,,00.000000075500,   4.40000,
,,,00.000000075600,   4.40000,
,,,00.000000075700,   4.40000,
,,,00.000000075800,   4.20000,
,,,00.000000075900,   4.20000,
,,,00.000000076000,   4.20000,
,,,00.000000076100,   4.00000,
,,,00.000000076200,   4.00000,
,,,00.000000076300,   4.00000,
,,,00.000000076400,   3.80000,
,,,00.000000076500,   3.80000,
,,,00.000000076600,   3.80000,
,,,00.000000076700,   3.60000,
,,,00.000000076800,   3.60000,
,,,00.000000076900,   3.60000,
,,,00.000000077000,   3.40000,
,,,00.000000077100,   3.40000,
,,,00.000000077200,   3.20000,
,,,00.000000077300,   3.20000,
,,,00.000000077400,   3.20000,
,,,00.000000077500,   3.00000,
,,,00.000000077600,   3.00000,
,,,00.000000077700,   3.00000,
,,,00.000000077800,   2.80000,
,,,00.000000077900,   2.80000,
,,,00.000000078000,   2.60000,
,,,00.000000078100,   2.60000,
,,,00.000000078200,   2.60000,
,,,00.000000078300,   2.40000,
,,,00.000000078400,   2.40000,
,,,00.000000078500,   2.20000,
,,,00.000000078600,   2.20000,
,,,00.000000078700,   2.20000,
,,,00.000000078800,   2.00000,
,,,00.000000078900,   2.00000,
,,,00.000000079000,   1.80000,
,,,00.000000079100,   1.80000,
,,,00.000000079200,   1.80000,
,,,00.000000079300,   1.60000,
,,,00.000000079400,   1.60000,
,,,00.000000079500,   1.40000,
,,,00.000000079600,   1.40000,
,,,00.000000079700,   1.40000,
,,,00.000000079800,   1.20000,
,,,00.000000079900,   1.20000,
,,,00.000000080000,   1.00000,
,,,00.000000080100,   1.00000,
,,,00.000000080200,   1.00000,
,,,00.000000080300,   0.80000,
,,,00.000000080400,   0.80000,
,,,00.000000080500,   0.60000,
,,,00.000000080600,   0.60000,
,,,00.000000080700,   0.40000,
,,,00.000000080800,   0.40000,
,,,00.000000080900,   0.40000,
,,,00.000000081000,   0.20000,
,,,00.000000081100,   0.20000,
,,,00.000000081200,   0.00000,
,,,00.000000081300,   0.00000,
,,,00.000000081400,  -0.20000,
,,,00.000000081500,  -0.20000,
,,,00.000000081600,  -0.20000,
,,,00.000000081700,  -0.40000,
,,,00.000000081800,  -0.40000,
,,,00.000000081900,  -0.60000,
,,,00.000000082000,  -0.60000,
,,,00.000000082100,  -0.80000,
,,,00.000000082200,  -0.80000,
,,,00.000000082300,  -0.80000,
,,,00.000000082400,  -1.00000,
,,,00.000000082500,  -1.00000,
,,,00.000000082600,  -1.20000,
,,,00.000000082700,  -1.20000,
,,,00.000000082800,  -1.40000,
,,,00.000000082900,  -1.40000,
,,,00.000000083000,  -1.40000,
,,,00.000000083100,  -1.60000,
,,,00.000000083200,  -1.60000,
,,,00.000000083300,  -1.80000,
,,,00.000000083400,  -1.80000,
,,,00.000000083500,  -2.00000,
,,,00.000000083600,  -2.00000,
,,,00.000000083700,  -2.00000,
,,,00.000000083800,  -2.20000,
,,,00.000000083900,  -2.20000,
,,,00.000000084000,  -2.40000,
,,,00.000000084100,  -2.40000,
,,,00.000000084200,  -2.40000,
,,,00.000000084300,  -2.60000,
,,,00.000000084400,  -2.60000,
,,,00.000000084500,  -2.80000,
,,,00.000000084600,  -2.80000,
,,,00.000000084700,  -2.80000,
,,,00.000000084800,  -3.00000,
,,,00.000000084900,  -3.00000,
,,,00.000000085000,  -3.20000,
,,,00.000000085100,  -3.20000,
,,,00.000000085200,  -3.20000,
,,,00.000000085300,  -3.40000,
,,,00.000000085400,  -3.40000,
,,,00.000000085500,  -3.40000,
,,,00.000000085600,  -3.60000,
,,,00.000000085700,  -3.60000,
,,,00.000000085800,  -3.80000,
,,,00.000000085900,  -3.80000,
,,,00.000000086000,  -3.80000,
,,,00.000000086100,  -4.00000,
,,,00.000000086200,  -4.00000,
,,,00.000000086300,  -4.00000,
,,,00.000000086400,  -4.20000,
,,,00.000000086500,  -4.20000,
,,,00.000000086600,  -4.20000,
,,,00.000000086700,  -4.40000,
,,,00.000000086800,  -4.40000,
,,,00.000000086900,  -4.40000,
,,,00.000000087000,  -4.60000,
,,,00.000000087100,  -4.60000,
,,,00.000000087200,  -4.60000,
,,,00.000000087300,  -4.80000,
,,,00.000000087400,  -4.80000,
,,,00.000000087500,  -5.00000,
,,,00.000000087600,  -5.00000,
,,,00.000000087700,  -5.00000,
,,,00.000000087800,  -5.00000,
,,,00.000000087900,  -5.20000,
,,,00.000000088000,  -5.20000,
,,,00.000000088100,  -5.20000,
,,,00.000000088200,  -5.40000,
,,,00.000000088300,  -5.40000,
,,,00.000000088400,  -5.40000,
,,,00.000000088500,  -5.60000,
,,,00.000000088600,  -5.60000,
,,,00.000000088700,  -5.60000,
,,,00.000000088800,  -5.60000,
,,,00.000000088900,  -5.80000,
,,,00.000000089000,  -5.80000,
,,,00.000000089100,  -5.80000,
,,,00.000000089200,  -5.80000,
,,,00.000000089300,  -6.00000,
,,,00.000000089400,  -6.00000,
,,,00.000000089500,  -6.00000,
,,,00.000000089600,  -6.00000,
,,,00.000000089700,  -6.20000,
,,,00.000000089800,  -6.20000,
,,,00.000000089900,  -6.20000,
,,,00.000000090000,  -6.20000,
,,,00.000000090100,  -6.40000,
,,,00.000000090200,  -6.40000,
,,,00.000000090300,  -6.40000,
,,,00.000000090400,  -6.40000,
,,,00.000000090500,  -6.40000,
,,,00.000000090600,  -6.60000,
,,,00.000000090700,  -6.60000,
,,,00.000000090800,  -6.60000,
,,,00.000000090900,  -6.60000,
,,,00.000000091000,  -6.60000,
,,,00.000000091100,  -6.80000,
,,,00.000000091200,  -6.80000,
,,,00.000000091300,  -6.80000,
,,,00.000000091400,  -6.80000,
,,,00.000000091500,  -6.80000,
,,,00.000000091600,  -7.00000,
,,,00.000000091700,  -7.00000,
,,,00.000000091800,  -7.00000,
,,,00.000000091900,  -7.00000,
,,,00.000000092000,  -7.00000,
,,,00.000000092100,  -7.00000,
,,,00.000000092200,  -7.00000,
,,,00.000000092300,  -7.20000,
,,,00.000000092400,  -7.20000,
,,,00.000000092500,  -7.20000,
,,,00.000000092600,  -7.20000,
,,,00.000000092700,  -7.20000,
,,,00.000000092800,  -7.20000,
,,,00.000000092900,  -7.20000,
,,,00.000000093000,  -7.20000,
,,,00.000000093100,  -7.20000,
,,,00.000000093200,  -7.40000,
,,,00.000000093300,  -7.40000,
,,,00.000000093400,  -7.40000,
,,,00.000000093500,  -7.40000,
,,,00.000000093600,  -7.40000,
,,,00.000000093700,  -7.40000,
,,,00.000000093800,  -7.40000,
,,,00.000000093900,  -7.40000,
,,,00.000000094000,  -7.40000,
,,,00.000000094100,  -7.40000,
,,,00.000000094200,  -7.40000,
,,,00.000000094300,  -7.40000,
,,,00.000000094400,  -7.40000,
,,,00.000000094500,  -7.40000,
,,,00.000000094600,  -7.40000,
,,,00.000000094700,  -7.40000,
,,,00.000000094800,  -7.40000,
,,,00.000000094900,  -7.40000,
,,,00.000000095000,  -7.40000,
,,,00.000000095100,  -7.40000,
,,,00.000000095200,  -7.40000,
,,,00.000000095300,  -7.40000,
,,,00.000000095400,  -7.40000,
,,,00.000000095500,  -7.40000,
,,,00.000000095600,  -7.40000,
,,,00.000000095700,  -7.40000,
,,,00.000000095800,  -7.40000,
,,,00.000000095900,  -7.40000,
,,,00.000000096000,  -7.40000,
,,,00.000000096100,  -7.40000,
,,,00.000000096200,  -7.40000,
,,,00.000000096300,  -7.40000,
,,,00.000000096400,  -7.40000,
,,,00.000000096500,  -7.40000,
,,,00.000000096600,  -7.40000,
,,,00.000000096700,  -7.40000,
,,,00.000000096800,  -7.40000,
,,,00.000000096900,  -7.40000,
,,,00.000000097000,  -7.40000,
,,,00.000000097100,  -7.40000,
,,,00.000000097200,  -7.20000,
,,,00.000000097300,  -7.20000,
,,,00.000000097400,  -7.20000,
,,,00.000000097500,  -7.20000,
,,,00.000000097600,  -7.20000,
,,,00.000000097700,  -7.20000,
,,,00.000000097800,  -7.20000,
,,,00.000000097900,  -7.20000,
,,,00.000000098000,  -7.20000,
,,,00.000000098100,  -7.20000,
,,,00.000000098200,  -7.00000,
,,,00.000000098300,  -7.00000,
,,,00.000000098400,  -7.00000,
,,,00.000000098500,  -7.00000,
,,,00.000000098600,  -7.00000,
,,,00.000000098700,  -7.00000,
,,,00.000000098800,  -7.00000,
,,,00.000000098900,  -6.80000,
,,,00.000000099000,  -6.80000,
,,,00.000000099100,  -6.80000,
,,,00.000000099200,  -6.80000,
,,,00.000000099300,  -6.80000,
,,,00.000000099400,  -6.80000,
,,,00.000000099500,  -6.60000,
,,,00.000000099600,  -6.60000,
,,,00.000000099700,  -6.60000,
,,,00.000000099800,  -6.60000,
,,,00.000000099900,  -6.40000,
,,,00.000000100000,  -6.40000,
,,,00.000000100100,  -6.40000,
,,,00.000000100200,  -6.40000,
,,,00.000000100300,  -6.40000,
,,,00.000000100400,  -6.20000,
,,,00.000000100500,  -6.20000,
,,,00.000000100600,  -6.20000,
,,,00.000000100700,  -6.20000,
,,,00.000000100800,  -6.00000,
,,,00.000000100900,  -6.00000,
,,,00.000000101000,  -6.00000,
,,,00.000000101100,  -6.00000,
,,,00.000000101200,  -5.80000,
,,,00.000000101300,  -5.80000,
,,,00.000000101400,  -5.80000,
,,,00.000000101500,  -5.80000,
,,,00.000000101600,  -5.60000,
,,,00.000000101700,  -5.60000,
,,,00.000000101800,  -5.60000,
,,,00.000000101900,  -5.40000,
,,,00.000000102000,  -5.40000,
,,,00.000000102100,  -5.40000,
,,,00.000000102200,  -5.40000,
,,,00.000000102300,  -5.20000,
,,,00.000000102400,  -5.20000,
,,,00.000000102500,  -5.20000,
,,,00.000000102600,  -5.00000,
,,,00.000000102700,  -5.00000,
,,,00.000000102800,  -5.00000,
,,,00.000000102900,  -4.80000,
,,,00.000000103000,  -4.80000,
,,,00.000000103100,  -4.80000,
,,,00.000000103200,  -4.60000,
,,,00.000000103300,  -4.60000,
,,,00.000000103400,  -4.60000,
,,,00.000000103500,  -4.40000,
,,,00.000000103600,  -4.40000,
,,,00.000000103700,  -4.40000,
,,,00.000000103800,  -4.20000,
,,,00.000000103900,  -4.20000,
,,,00.000000104000,  -4.20000,
,,,00.000000104100,  -4.00000,
,,,00.000000104200,  -4.00000,
,,,00.000000104300,  -4.00000,
,,,00.000000104400,  -3.80000,
,,,00.000000104500,  -3.80000,
,,,00.000000104600,  -3.60000,
,,,00.000000104700,  -3.60000,
,,,00.000000104800,  -3.60000,
,,,00.000000104900,  -3.40000,
,,,00.000000105000,  -3.40000,
,,,00.000000105100,  -3.40000,
,,,00.000000105200,  -3.20000,
,,,00.000000105300,  -3.20000,
,,,00.000000105400,  -3.00000,
,,,00.000000105500,  -3.00000,
,,,00.000000105600,  -3.00000,
,,,00.000000105700,  -2.80000,
,,,00.000000105800,  -2.80000,
,,,00.000000105900,  -2.80000,
,,,00.000000106000,  -2.60000,
,,,00.000000106100,  -2.60000,
,,,00.000000106200,  -2.40000,
,,,00.000000106300,  -2.40000,
,,,00.000000106400,  -2.40000,
,,,00.000000106500,  -2.20000,
,,,00.000000106600,  -2.20000,
,,,00.000000106700,  -2.20000,
,,,00.000000106800,  -2.00000,
,,,00.000000106900,  -2.00000,
,,,00.000000107000,  -1.80000,
,,,00.000000107100,  -1.80000,
,,,00.000000107200,  -1.80000,
,,,00.000000107300,  -1.60000,
,,,00.000000107400,  -1.60000,
,,,00.000000107500,  -1.40000,
,,,00.000000107600,  -1.40000,
,,,00.000000107700,  -1.40000,
,,,00.000000107800,  -1.20000,
,,,00.000000107900,  -1.20000,
,,,00.000000108000,  -1.00000,
,,,00.000000108100,  -1.00000,
,,,00.000000108200,  -0.80000,
,,,00.000000108300,  -0.80000,
,,,00.000000108400,  -0.80000,
,,,00.000000108500,  -0.60000,
,,,00.000000108600,  -0.60000,
,,,00.000000108700,  -0.40000,
,,,00.000000108800,  -0.40000,
,,,00.000000108900,  -0.20000,
,,,00.000000109000,  -0.20000,
,,,00.000000109100,  -0.20000,
,,,00.000000109200,   0.00000,
,,,00.000000109300,   0.00000,
,,,00.000000109400,   0.20000,
,,,00.000000109500,   0.20000,
,,,00.000000109600,   0.20000,
,,,00.000000109700,   0.40000,
,,,00.000000109800,   0.40000,
,,,00.000000109900,   0.60000,
,,,00.000000110000,   0.60000,
,,,00.000000110100,   0.80000,
,,,00.000000110200,   0.80000,
,,,00.000000110300,   0.80000,
,,,00.000000110400,   1.00000,
,,,00.000000110500,   1.00000,
,,,00.000000110600,   1.20000,
,,,00.000000110700,   1.20000,
,,,00.000000110800,   1.20000,
,,,00.000000110900,   1.40000,
,,,00.000000111000,   1.40000,
,,,00.000000111100,   1.60000,
,,,00.000000111200,   1.60000,
,,,00.000000111300,   1.60000,
,,,00.000000111400,   1.80000,
,,,00.000000111500,   1.80000,
,,,00.000000111600,   2.00000,
,,,00.000000111700,   2.00000,
,,,00.000000111800,   2.00000,
,,,00.000000111900,   2.20000,
,,,00.000000112000,   2.20000,
,,,00.000000112100,   2.40000,
,,,00.000000112200,   2.40000,
,,,00.000000112300,   2.40000,
,,,00.000000112400,   2.60000,
,,,00.000000112500,   2.60000,
,,,00.000000112600,   2.60000,
,,,00.000000112700,   2.80000,
,,,00.000000112800,   2.80000,
,,,00.000000112900,   3.00000,
,,,00.000000113000,   3.00000,
,,,00.000000113100,   3.00000,
,,,00.000000113200,   3.20000,
,,,00.000000113300,   3.20000,
,,,00.000000113400,   3.20000,
,,,00.000000113500,   3.40000,
,,,00.000000113600,   3.40000,
,,,00.000000113700,   3.60000,
,,,00.000000113800,   3.60000,
,,,00.000000113900,   3.60000,
,,,00.000000114000,   3.80000,
,,,00.000000114100,   3.80000,
,,,00.000000114200,   3.80000,
,,,00.000000114300,   4.00000,
,,,00.000000114400,   4.00000,
,,,00.000000114500,   4.00000,
,,,00.000000114600,   4.20000,
,,,00.000000114700,   4.20000,
,,,00.000000114800,   4.20000,
,,,00.000000114900,   4.40000,
,,,00.000000115000,   4.40000,
,,,00.000000115100,   4.40000,
,,,00.000000115200,   4.60000,
,,,00.000000115300,   4.60000,
,,,00.000000115400,   4.60000,
,,,00.000000115500,   4.80000,
,,,00.000000115600,   4.80000,
,,,00.000000115700,   4.80000,
,,,00.000000115800,   5.00000,
,,,00.000000115900,   5.00000,
,,,00.000000116000,   5.00000,
,,,00.000000116100,   5.00000,
,,,00.000000116200,   5.20000,
,,,00.000000116300,   5.20000,
,,,00.000000116400,   5.20000,
,,,00.000000116500,   5.20000,
,,,00.000000116600,   5.40000,
,,,00.000000116700,   5.40000,
,,,00.000000116800,   5.40000,
,,,00.000000116900,   5.60000,
,,,00.000000117000,   5.60000,
,,,00.000000117100,   5.60000,
,,,00.000000117200,   5.60000,
,,,00.000000117300,   5.60000,
,,,00.000000117400,   5.80000,
,,,00.000000117500,   5.80000,
,,,00.000000117600,   5.80000,
,,,00.000000117700,   5.80000,
,,,00.000000117800,   6.00000,
,,,00.000000117900,   6.00000,
,,,00.000000118000,   6.00000,
,,,00.000000118100,   6.00000,
,,,00.000000118200,   6.00000,
,,,00.000000118300,   6.20000,
,,,00.000000118400,   6.20000,
,,,00.000000118500,   6.20000,
,,,00.000000118600,   6.20000,
,,,00.000000118700,   6.20000,
,,,00.000000118800,   6.40000,
,,,00.000000118900,   6.40000,
,,,00.000000119000,   6.40000,
,,,00.000000119100,   6.40000,
,,,00.000000119200,   6.60000,
,,,00.000000119300,   6.60000,
,,,00.000000119400,   6.60000,
,,,00.000000119500,   6.60000,
,,,00.000000119600,   6.60000,
,,,00.000000119700,   6.60000,
,,,00.000000119800,   6.80000,
,,,00.000000119900,   6.80000,
,,,00.000000120000,   6.80000,
,,,00.000000120100,   6.80000,
,,,00.000000120200,   6.80000,
,,,00.000000120300,   6.80000,
,,,00.000000120400,   7.00000,
,,,00.000000120500,   7.00000,
,,,00.000000120600,   7.00000,
,,,00.000000120700,   7.00000,
,,,00.000000120800,   7.00000,
,,,00.000000120900,   7.00000,
,,,00.000000121000,   7.00000,
,,,00.000000121100,   7.00000,
,,,00.000000121200,   7.00000,
,,,00.000000121300,   7.20000,
,,,00.000000121400,   7.20000,
,,,00.000000121500,   7.20000,
,,,00.000000121600,   7.20000,
,,,00.000000121700,   7.20000,
,,,00.000000121800,   7.20000,
,,,00.000000121900,   7.20000,
,,,00.000000122000,   7.20000,
,,,00.000000122100,   7.20000,
,,,00.000000122200,   7.20000,
,,,00.000000122300,   7.20000,
,,,00.000000122400,   7.20000,
,,,00.000000122500,   7.20000,
,,,00.000000122600,   7.20000,
,,,00.000000122700,   7.20000,
,,,00.000000122800,   7.20000,
,,,00.000000122900,   7.20000,
,,,00.000000123000,   7.20000,
,,,00.000000123100,   7.20000,
,,,00.000000123200,   7.20000,
,,,00.000000123300,   7.20000,
,,,00.000000123400,   7.20000,
,,,00.000000123500,   7.20000,
,,,00.000000123600,   7.20000,
,,,00.000000123700,   7.20000,
,,,00.000000123800,   7.20000,
,,,00.000000123900,   7.20000,
,,,00.000000124000,   7.20000,
,,,00.000000124100,   7.20000,
,,,00.000000124200,   7.20000,
,,,00.000000124300,   7.20000,
,,,00.000000124400,   7.20000,
,,,00.000000124500,   7.20000,
,,,00.000000124600,   7.20000,
,,,00.000000124700,   7.20000,
,,,00.000000124800,   7.20000,
,,,00.000000124900,   7.20000,
,,,00.000000125000,   7.20000,
,,,00.000000125100,   7.00000,
,,,00.000000125200,   7.00000,
,,,00.000000125300,   7.00000,
,,,00.000000125400,   7.00000,
,,,00.000000125500,   7.00000,
,,,00.000000125600,   7.00000,
,,,00.000000125700,   7.00000,
,,,00.000000125800,   7.00000,
,,,00.000000125900,   7.00000,
,,,00.000000126000,   6.80000,
,,,00.000000126100,   6.80000,
,,,00.000000126200,   6.80000,
,,,00.000000126300,   6.80000,
,,,00.000000126400,   6.80000,
,,,00.000000126500,   6.80000,
,,,00.000000126600,   6.60000,
,,,00.000000126700,   6.60000,
,,,00.000000126800,   6.60000,
,,,00.000000126900,   6.60000,
,,,00.000000127000,   6.60000,
,,,00.000000127100,   6.60000,
,,,00.000000127200,   6.40000,
,,,00.000000127300,   6.40000,
,,,00.000000127400,   6.40000,
,,,00.000000127500,   6.40000,
,,,00.000000127600,   6.40000,
,,,00.000000127700,   6.40000,
,,,00.000000127800,   6.20000,
,,,00.000000127900,   6.20000,
,,,00.000000128000,   6.20000,
,,,00.000000128100,   6.20000,
,,,00.000000128200,   6.00000,
,,,00.000000128300,   6.00000,
,,,00.000000128400,   6.00000,
,,,00.000000128500,   6.00000,
,,,00.000000128600,   5.80000,
,,,00.000000128700,   5.80000,
,,,00.000000128800,   5.80000,
,,,00.000000128900,   5.80000,
